STATE ABBREVIATION,STATE,D,FEC ID#,(I),CANDIDATE NAME (First),CANDIDATE NAME (Last),CANDIDATE NAME,TOTAL VOTES,PARTY,PRIMARY VOTES,PRIMARY %,RUNOFF VOTES,RUNOFF %,GENERAL VOTES ,GENERAL %,GE RUNOFF ELECTION VOTES (LA),GE RUNOFF ELECTION % (LA),"COMBINED GE PARTY TOTALS (CT, NY, SC)","COMBINED % (CT, NY, SC)",GE WINNER INDICATOR,FOOTNOTES,,
AL,Alabama,S,S6AL00195,(I),Jeff,Sessions,"Sessions, Jeff",,R,Unopposed,,,,"795,606",97.25%,,,,,W,,,
AL,Alabama,S,n/a,,,Scattered,Scattered,,W,,,,,"22,484",17.37%,,,,,,,,
AL,Alabama,S,n/a,,,,,Total State Votes:,,,,,,"818,090",,,,,,,,,
,,,n/a,,,,,,,,,,,,,,,,,,,,
AK,Alaska,S,S4AK00214 ,,Dan,Sullivan,"Sullivan, Dan",,R,"44,740",40.05%,,,"135,445",47.96%,,,,,W,,,
AK,Alaska,S,S0AK00121,,Joe,Miller,"Miller, Joe",,R,"35,904",32.14%,,,,,,,,,,,,
AK,Alaska,S,S4AK00206 ,,Mead,Treadwell,"Treadwell, Mead",,R,"27,807",24.90%,,,,,,,,,,,,
AK,Alaska,S,S4AK00198 ,,John M.,Jaramillo,"Jaramillo, John M.",,R,"3,246",2.91%,,,,,,,,,,,,
AK,Alaska,S,n/a,,,,,Party Votes:,R,"111,697",,,,,,,,,,,,,
AK,Alaska,S,S8AK00090 ,(I),Mark,Begich,"Begich, Mark",,D,"58,092",96.63%,,,"129,431",45.83%,,,,,,,,
AK,Alaska,S,S4AK00222 ,,"William ""Bill""",Bryk,"Bryk, William ""Bill""",,D,"2,024",3.37%,,,,,,,,,,,,
AK,Alaska,S,n/a,,,,,Party Votes:,D,"60,116",,,,,,,,,,,,,
AK,Alaska,S,S4AK00230,,Mark S.,Fish,"Fish, Mark S. #",,LIB,"1,290",24.85%,,,"10,512",3.72%,,,,,,# Thom Walker withdrew after the primary election and Mark Fish was selected by the party to fill the vacancy on the general election ballot.,,
AK,Alaska,S,S4AK00255,,Thom M.,Walker,"Walker, Thom M. #",,LIB,"3,167",61.01%,,,#,,,,,,,# Thom Walker withdrew after the primary election and Mark Fish was selected by the party to fill the vacancy on the general election ballot.,,
AK,Alaska,S,S4AK00248,,Scott A.,Kohlhaas,"Kohlhaas, Scott A.",,LIB,734,14.14%,,,,,,,,,,,,
AK,Alaska,S,n/a,,,,,Party Votes:,LIB,"5,191",,,,,,,,,,,,,
AK,Alaska,S,S4AK00115,,Ted,Gianoutsos,"Gianoutsos, Ted",,NAF,,,,,"5,636",2.00%,,,,,,,,
AK,Alaska,S,S4AK00271,,Vic,Kohring,"Kohring, Vic ##",,AKI,"2,557",57.77%,,,##,,,,,,,## Vic Kohring withdrew after the primary election,,
AK,Alaska,S,S4AK00263,,Zachary A.,Kile,"Kile, Zachary A.",,AKI,"1,869",42.23%,,,,,,,,,,,,
AK,Alaska,S,n/a,,,,,Party Votes:,AKI,"4,426",,,,,,,,,,,,,
AK,Alaska,S,n/a,,,Scattered,Scattered,,W,,,,,"1,376",0.49%,,,,,,,,
AK,Alaska,S,n/a,,,,,Total State Votes:,,"181,430",,,,"282,400",,,,,,,,,
,,,n/a,,,,,,,,,,,,,,,,,,,,
AR,Arkansas,S,S4AR00103 ,,Tom ,Cotton,"Cotton, Tom ",,R,Unopposed,,,,"478,819",56.50%,,,,,W,,,
AR,Arkansas,S,S0AR00028 ,(I),Mark ,Pryor,"Pryor, Mark ",,D,Unopposed,,,,"334,174",39.43%,,,,,,,,
AR,Arkansas,S,S4AR00129,,Nathan ,LaFrance,"LaFrance, Nathan ",,LIB,Unopposed,,,,"17,210",2.03%,,,,,,,,
AR,Arkansas,S,S4AR00111,,Mark H.,Swaney,"Swaney, Mark H.",,GRE,Unopposed,,,,"16,797",1.98%,,,,,,,,
AR,Arkansas,S,S4AR00137,,Scott,Pfleegor,"Pfleegor, Scott",,W,,,,,505,0.06%,,,,,,,,
AR,Arkansas,S,n/a,,,,,Total State Votes:,,,,,,"847,505",,,,,,,,,
,,,n/a,,,,,,,,,,,,,,,,,,,,
CO,Colorado,S,S4CO00395,,Cory,Gardner,"Gardner, Cory",,R,"338,324",100.00%,,,"983,891",48.20%,,,,,W,,,
CO,Colorado,S,n/a,,,,,Party Votes:,R,"338,324",,,,,,,,,,,,,
CO,Colorado,S,S8CO00172,(I),Mark,Udall,"Udall, Mark",,D,"213,746",100.00%,,,"944,203",46.26%,,,,,,,,
CO,Colorado,S,n/a,,,,,Party Votes:,D,"213,746",,,,,,,,,,,,,
CO,Colorado,S,S4CO00403,,Gaylon,Kent,"Kent, Gaylon",,LIB,,,,,"52,876",2.59%,,,,,,,,
CO,Colorado,S,S4CO00387,,Steve,Shogan,"Shogan, Steve",,UN,,,,,"29,472",1.44%,,,,,,,,
CO,Colorado,S,S4CO00296,,Raul,Acosta,"Acosta, Raul",,UN,,,,,"24,151",1.18%,,,,,,,,
CO,Colorado,S,S4CO00411,,Bill,Hammons,"Hammons, Bill",,UPC,,,,,"6,427",0.31%,,,,,,,,
CO,Colorado,S,S4CO00429,,,Willoughby,Willoughby,,W,,,,,21,0.00%,,,,,,,,
CO,Colorado,S,S4CO00437,,Kathleen Rosewater,Cunningham,"Cunningham, Kathleen Rosewater",,W,,,,,17,0.00%,,,,,,,,
CO,Colorado,S,n/a,,,,,Total State Votes:,,"552,070",,,,"2,041,058",,,,,,,,,
,,,n/a,,,,,,,,,,,,,,,,,,,,
DE,Delaware,S,S0DE00092,(I),Christopher A.,Coons,"Coons, Christopher A.",,D,Unopposed,,,,"130,655",55.83%,,,,,W,,,
DE,Delaware,S,S2DE00064,,Kevin,Wade,"Wade, Kevin",,R,"18,181",75.66%,,,"98,823",42.23%,,,,,,,,
DE,Delaware,S,S4DE00052,,Carl,Smink,"Smink, Carl",,R,"5,848",24.34%,,,,,,,,,,,,
DE,Delaware,S,n/a,,,,,Party Votes:,R,"24,029",,,,,,,,,,,,,
DE,Delaware,S,S2DE00098,,Andrew,Groff,"Groff, Andrew",,GRE,,,,,"4,560",1.95%,,,,,,,,
DE,Delaware,S,n/a,,,,,Total State Votes:,,"24,029",,,,"234,038",,,,,,,,,
,,,n/a,,,,,,,,,,,,,,,,,,,,
GA,Georgia,S,S4GA11285,,David Alfred,Perdue,"Perdue, David Alfred",,R,"185,466",30.64%,"245,951",50.88%,"1,358,088",52.89%,,,,,W,,,
GA,Georgia,S,S4GA11210,,"J. H. ""Jack""",Kingston,"Kingston, J. H. ""Jack""",,R,"156,157",25.80%,"237,448",49.12%,,,,,,,,,,
GA,Georgia,S,S4GA11244,,Karen C.,Handel,"Handel, Karen C.",,R,"132,944",21.96%,,,,,,,,,,,,
GA,Georgia,S,S2GA00100,,"J. P. ""Phil""",Gingrey,"Gingrey, J. P. ""Phil""",,R,"60,735",10.03%,,,,,,,,,,,,
GA,Georgia,S,S6GA00101,,Paul Collins,Broun,"Broun, Paul Collins",,R,"58,297",9.63%,,,,,,,,,,,,
GA,Georgia,S,S4GA11236,,Derrick E.,Grayson,"Grayson, Derrick E.",,R,"6,045",1.00%,,,,,,,,,,,,
GA,Georgia,S,S4GA11301,,"Arthur A. ""Art""",Gardner,"Gardner, Arthur A. ""Art""",,R,"5,711",0.94%,,,,,,,,,,,,
GA,Georgia,S,n/a,,,,,Party Votes:,R,"605,355",,"483,399",,,,,,,,,,,
GA,Georgia,S,S4GA11277,,Mary Michelle,Nunn,"Nunn, Mary Michelle",,D,"246,369",74.95%,,,"1,160,811",45.21%,,,,,,,,
GA,Georgia,S,S4GA11293,,"O. ""Steen""",Miles,"Miles, O. ""Steen""",,D,"39,418",11.99%,,,,,,,,,,,,
GA,Georgia,S,S4GA11251,,Todd Anthony,Robinson,"Robinson, Todd Anthony",,D,"31,822",9.68%,,,,,,,,,,,,
GA,Georgia,S,S4GA11228,,"Branko ""Rad""",Radulovacki,"Radulovacki, Branko ""Rad""",,D,"11,101",3.38%,,,,,,,,,,,,
GA,Georgia,S,n/a,,,,,Party Votes:,D,"328,710",,,,,,,,,,,,,
GA,Georgia,S,S4GA11327 ,,Amanda C.,Swafford,"Swafford, Amanda C.",,LIB,,,,,"48,862",1.90%,,,,,,,,
GA,Georgia,S,S4GA11335,,Anantha Reddy,Muscu,"Muscu, Anantha Reddy",,W,,,,,21,0.00%,,,,,,,,
GA,Georgia,S,S4GA11343,,Mary H.,Schroder,"Schroder, Mary H.",,W,,,,,14,0.00%,,,,,,,,
GA,Georgia,S,S0GA00336,,Brian Russell,Brown,"Brown, Brian Russell",,W,,,,,9,0.00%,,,,,,,,
GA,Georgia,S,n/a,,,,,Total State Votes:,,"934,065",,"483,399",,"2,567,805",,,,,,,,,
,,,n/a,,,,,,,,,,,,,,,,,,,,
HI,Hawaii,S - Unexpired Term,S4HI00136,(I),Brian,Schatz,"Schatz, Brian",,D,"115,445",49.35%,,,"246,827",69.77%,,,,,W,,,
HI,Hawaii,S - Unexpired Term,S4HI00144,,Colleen Wakako,Hanabusa,"Hanabusa, Colleen Wakako",,D,"113,663",48.58%,,,,,,,,,,,,
HI,Hawaii,S - Unexpired Term,S4HI00078,,Brian,Evans,"Evans, Brian",,D,"4,842",2.07%,,,,,,,,,,,,
HI,Hawaii,S - Unexpired Term,n/a,,,,,Party Votes:,D,"233,950",,,,,,,,,,,,,
HI,Hawaii,S - Unexpired Term,S4HI00102,,Cam,Cavasso,"Cavasso, Cam",,R,"25,874",72.26%,,,"98,006",27.70%,,,,,,,,
HI,Hawaii,S - Unexpired Term,S0HI00183,,John P.,Roco,"Roco, John P.",,R,"4,425",12.36%,,,,,,,,,,,,
HI,Hawaii,S - Unexpired Term,S8HI00111,,"Harry J., Jr.",Friel,"Friel, Harry J., Jr.",,R,"3,477",9.71%,,,,,,,,,,,,
HI,Hawaii,S - Unexpired Term,S6HI00222,,Eddie,Pirkowski,"Pirkowski, Eddie",,R,"2,033",5.68%,,,,,,,,,,,,
HI,Hawaii,S - Unexpired Term,n/a,,,,,Party Votes:,R,"35,809",,,,,,,,,,,,,
HI,Hawaii,S - Unexpired Term,S4HI00169,,Michael,Kokoski,"Kokoski, Michael",,LIB,568,100.00%,,,"8,941",2.53%,,,,,,,,
HI,Hawaii,S - Unexpired Term,n/a,,,,,Party Votes:,LIB,568,,,,,,,,,,,,,
HI,Hawaii,S - Unexpired Term,S4HI00151,,Joy,Allison,"Allison, Joy",,N,388,67.83%,,,,,,,,,,,,
HI,Hawaii,S - Unexpired Term,S0HI00118,,Arturo Pacheco,Reyes,"Reyes, Arturo Pacheco",,N,184,32.17%,,,,,,,,,,,,
HI,Hawaii,S - Unexpired Term,n/a,,,,,Party Votes:,N,572,,,,,,,,,,,,,
HI,Hawaii,S - Unexpired Term,n/a,,,,,Total State Votes (Unexpired Term):,,"270,899",,,,"353,774",,,,,,,,,
,,,n/a,,,,,,,,,,,,,,,,,,,,
ID,Idaho,S,S8ID00092 ,(I),Jim,Risch,"Risch, Jim",,R,"119,209",,,,"285,596",65.33%,,,,,W,,,
ID,Idaho,S,S4ID00083,,"Jeremy ""T""",Anderson,"Anderson, Jeremy ""T""",,R,"29,939",,,,,,,,,,,,,
ID,Idaho,S,n/a,,,,,Party Votes:,R,"149,148",,,,,,,,,,,,,
ID,Idaho,S,S4ID00075 ,,Nels,Mitchell,"Mitchell, Nels",,D,"16,908",,,,"151,574",34.67%,,,,,,,,
ID,Idaho,S,S0ID00099,,William ,Bryk,"Bryk, William ",,D,"7,378",,,,,,,,,,,,,
ID,Idaho,S,n/a,,,,,Party Votes:,D,"24,286",,,,,,,,,,,,,
ID,Idaho,S,n/a,,,,,Total State Votes:,,"173,434",,,,"437,170",,,,,,,,,
,,,n/a,,,,,,,,,,,,,,,,,,,,
IL,Illinois,S,S6IL00151,(I),Richard J.,Durbin,"Durbin, Richard J.",,D,"429,041",100.00%,,,"1,929,637",53.55%,,,,,W,,,
IL,Illinois,S,n/a,,,,,Party Votes:,D,"429,041",,,,,,,,,,,,,
IL,Illinois,S,S2IL00119,,"James D. ""Jim""",Oberweis,"Oberweis, James D. ""Jim""",,R,"423,097",56.08%,,,"1,538,522",42.69%,,,,,,,,
IL,Illinois,S,S4IL00438 ,,Douglas Lee,Truax,"Truax, Douglas Lee",,R,"331,237",43.91%,,,,,,,,,,,,
IL,Illinois,S,S4IL00487,,Sherry,Procarrone,"Procarrone, Sherry",,W(R),54,0.01%,,,,,,,,,,,,
IL,Illinois,S,n/a,,,,,Party Votes:,R,"754,388",,,,,,,,,,,,,
IL,Illinois,S,S4IL00479,,Sharon,Hansen,"Hansen, Sharon",,LIB,,,,,"135,316",3.76%,,,,,,,,
IL,Illinois,S,n/a,,,,,,,,,,,,,,,,,,,,
IL,Illinois,S,n/a,,Roger K.,Davis,"Davis, Roger K.",,W,,,,,31,0.00%,,,,,,,,
IL,Illinois,S,n/a,,Hilaire F.,Shioura,"Shioura, Hilaire F.",,W,,,,,12,0.00%,,,,,,,,
IL,Illinois,S,n/a,,Sherry,Procarione,"Procarione, Sherry",,W,,,,,1,0.00%,,,,,,,,
IL,Illinois,S,n/a,,,,,Total State Votes:,,"1,183,429",,,,"3,603,519",,,,,,,,,
,,,n/a,,,,,,,,,,,,,,,,,,,,
IA,Iowa,S,S4IA00129 ,,Joni,Ernst,"Ernst, Joni",,R,"88,535",56.12%,,,"588,575",52.10%,,,,,W,,,
IA,Iowa,S,S4IA00111 ,,Sam,Clovis,"Clovis, Sam",,R,"28,418",18.01%,,,,,,,,,,,,
IA,Iowa,S,S4IA00152,,Mark ,Jacobs,"Jacobs, Mark ",,R,"26,523",16.81%,,,,,,,,,,,,
IA,Iowa,S,S4IA00095 ,,Matt,Whitaker,"Whitaker, Matt",,R,"11,884",7.53%,,,,,,,,,,,,
IA,Iowa,S,S4IA00137 ,,Scott,Schaben,"Schaben, Scott",,R,"2,233",1.42%,,,,,,,,,,,,
IA,Iowa,S,n/a,,,Scattered,Scattered,,W(R),155,0.10%,,,,,,,,,,,,
IA,Iowa,S,n/a,,,,,Party Votes:,R,"157,748",,,,,,,,,,,,,
IA,Iowa,S,S4IA00087 ,,Bruce,Braley,"Braley, Bruce",,D,"62,600",99.14%,,,"494,370",43.76%,,,,,,,,
IA,Iowa,S,n/a,,,Scattered,Scattered,,W(D),545,0.86%,,,,,,,,,,,,
IA,Iowa,S,n/a,,,,,Party Votes:,D,"63,145",,,,,,,,,,,,,
IA,Iowa,S,S4IA00194 ,,Rick,Stewart,"Stewart, Rick",,IND,,,,,"26,815",2.37%,,,,,,,,
IA,Iowa,S,S4IA00186,,Douglas,Butzier,"Butzier, Douglas",,LIB,,,,,"8,232",0.73%,,,,,,,,
IA,Iowa,S,S4IA00202,,Bob,Quast,"Quast, Bob",,BQT,,,,,"5,873",0.52%,,,,,,,,
IA,Iowa,S,S4IA00210,,Ruth,Smith,"Smith, Ruth",,NNE,,,,,"4,724",0.42%,,,,,,,,
IA,Iowa,S,n/a,,,Scattered,Scattered,,W,,,,,"1,111",0.10%,,,,,,,,
IA,Iowa,S,n/a,,,,,Total State Votes:,,"220,893",,,,"1,129,700",,,,,,,,,
,,,n/a,,,,,,,,,,,,,,,,,,,,
KS,Kansas,S,S6KS00080,(I),Pat,Roberts,"Roberts, Pat",,R,"127,089",48.08%,,,"460,350",53.15%,,,,,W,,,
KS,Kansas,S,S4KS00127,,Milton,Wolf,"Wolf, Milton",,R,"107,799",40.78%,,,,,,,,,,,,
KS,Kansas,S,S4KS00150,,D.J.,Smith,"Smith, D.J.",,R,"15,288",5.78%,,,,,,,,,,,,
KS,Kansas,S,S4KS00168,,Alvin E.,Zahnter,"Zahnter, Alvin E.",,R,"14,164",5.36%,,,,,,,,,,,,
KS,Kansas,S,n/a,,,,,Party Votes:,R,"264,340",,,,,,,,,,,,,
KS,Kansas,S,S8KS00227,,Greg,Orman,"Orman, Greg",,IND,,,,,"368,372",42.53%,,,,,,,,
KS,Kansas,S,S4KS00143,,Randall,Batson,"Batson, Randall",,LIB,*,,,,"37,469",4.33%,,,,,,"*  The Libertarian Party nominated by convention on April 26, 2014.  Convention nominees are noted with an asterisk.",,
KS,Kansas,S,S4KS00135,,Chad,Taylor,"Taylor, Chad #",,D,"35,067",53.28%,,,#,,,,,,,# Chad Taylor withdrew after the primary election.,,
KS,Kansas,S,S0KS00166,,Patrick,Wiesner,"Wiesner, Patrick",,D,"30,752",46.72%,,,,,,,,,,,,
KS,Kansas,S,n/a,,,,,Party Votes:,D,"65,819",,,,,,,,,,,,,
KS,Kansas,S,n/a,,,,,Total State Votes:,,"330,159",,,,"866,191",,,,,,,,,
,,,n/a,,,,,,,,,,,,,,,,,,,,
KY,Kentucky,S,S2KY00012,(I),Mitch,McConnell,"McConnell, Mitch",,R,"213,753",61.44%,,,"806,787",56.19%,,,,,W,,,
KY,Kentucky,S,S4KY00109,,Matt,Bevin,"Bevin, Matt",,R,"125,787",36.16%,,,,,,,,,,,,
KY,Kentucky,S,S4KY00166,,Chris,Payne,"Payne, Chris",,R,"5,338",1.53%,,,,,,,,,,,,
KY,Kentucky,S,S4KY00125,,Brad,Copas,"Copas, Brad",,R,"3,024",0.87%,,,,,,,,,,,,
KY,Kentucky,S,n/a,,,,,Party Votes:,R,"347,902",,,,,,,,,,,,,
KY,Kentucky,S,S4KY00091,,Alison Lundergan ,Grimes,"Grimes, Alison Lundergan ",,D,"307,821",76.47%,,,"584,698",40.72%,,,,,,,,
KY,Kentucky,S,S4KY00141,,Gregory Brent,Leichty,"Leichty, Gregory Brent",,D,"32,602",8.10%,,,,,,,,,,,,
KY,Kentucky,S,S4KY00133,,Burrel Charles,Farnsley,"Farnsley, Burrel Charles",,D,"32,310",8.03%,,,,,,,,,,,,
KY,Kentucky,S,S4KY00158,,Tom,Recktenwald,"Recktenwald, Tom",,D,"29,791",7.40%,,,,,,,,,,,,
KY,Kentucky,S,n/a,,,,,Party Votes:,D,"402,524",,,,,,,,,,,,,
KY,Kentucky,S,S4KY00182,,David M.,Patterson,"Patterson, David M.",,LIB,"7,214",100.00%,,,"44,240",3.08%,,,,,,,,
KY,Kentucky,S,n/a,,,,,Party Votes:,LIB,"7,214",,,,,,,,,,,,,
KY,Kentucky,S,S4KY00190,,Mike,Maggard,"Maggard, Mike",,W,,,,,17,0.00%,,,,,,,,
KY,Kentucky,S,S4KY00208,,Robert Edward,Ransdell,"Ransdell, Robert Edward",,W,,,,,53,0.00%,,,,,,,,
KY,Kentucky,S,S4KY00174,,Shawna,Sterling,"Sterling, Shawna",,W,,,,,9,0.00%,,,,,,,,
KY,Kentucky,S,n/a,,Gregory D.,Welch,"Welch, Gregory D.",,W,,,,,64,,,,,,,,,
KY,Kentucky,S,n/a,,,,,Total State Votes:,,"757,640",,,,"1,435,868",,,,,,,,,
,,,n/a,,,,,,,,,,,,,,,,,,,,
LA,Louisiana,S,S4LA00107,,"""Bill""",Cassidy,"Cassidy, ""Bill""",,R,n/a,,,,"603,048",40.97%,"712,379",55.93%,,,W (Runoff),"*  In Louisiana, a Congressional primary election is not held. In 2014, the election for candidates seeking Federal office was the General Election (held on 11/4/2014), with a Runoff Election held on 12/6/14, if necessary.",,
LA,Louisiana,S,S6LA00227,(I),Mary L.,Landrieu,"Landrieu, Mary L.",,D,n/a,,,,"619,402",42.08%,"561,210",44.07%,,,,"*  In Louisiana, a Congressional primary election is not held. In 2014, the election for candidates seeking Federal office was the General Election (held on 11/4/2014), with a Runoff Election held on 12/6/14, if necessary.",,
LA,Louisiana,S,S4LA00115,,"""Rob""",Maness,"Maness, ""Rob""",,R,n/a,,,,"202,556",13.76%,,,,,,"*  In Louisiana, a Congressional primary election is not held. In 2014, the election for candidates seeking Federal office was the General Election (held on 11/4/2014), with a Runoff Election held on 12/6/14, if necessary.",,
LA,Louisiana,S,S4LA00149,,Thomas,Clements,"Clements, Thomas",,R,n/a,,,,"14,173",0.96%,,,,,,"*  In Louisiana, a Congressional primary election is not held. In 2014, the election for candidates seeking Federal office was the General Election (held on 11/4/2014), with a Runoff Election held on 12/6/14, if necessary.",,
LA,Louisiana,S,S4LA00123,,Brannon Lee,McMorris,"McMorris, Brannon Lee",,LIB,n/a,,,,"13,034",0.89%,,,,,,"*  In Louisiana, a Congressional primary election is not held. In 2014, the election for candidates seeking Federal office was the General Election (held on 11/4/2014), with a Runoff Election held on 12/6/14, if necessary.",,
LA,Louisiana,S,S4LA00156 ,,Wayne,Ables,"Ables, Wayne",,D,n/a,,,,"11,323",0.77%,,,,,,"*  In Louisiana, a Congressional primary election is not held. In 2014, the election for candidates seeking Federal office was the General Election (held on 11/4/2014), with a Runoff Election held on 12/6/14, if necessary.",,
LA,Louisiana,S,S4LA00172,,"William P., Jr.",Waymire,"Waymire, William P., Jr.",,D,n/a,,,,"4,673",0.32%,,,,,,"*  In Louisiana, a Congressional primary election is not held. In 2014, the election for candidates seeking Federal office was the General Election (held on 11/4/2014), with a Runoff Election held on 12/6/14, if necessary.",,
LA,Louisiana,S,S4LA00164,,Vallian,Senegal,"Senegal, Vallian",,D,n/a,,,,"3,835",0.26%,,,,,,"*  In Louisiana, a Congressional primary election is not held. In 2014, the election for candidates seeking Federal office was the General Election (held on 11/4/2014), with a Runoff Election held on 12/6/14, if necessary.",,
LA,Louisiana,S,n/a,,,,,Total State Votes:,,,,,,"1,472,044",,"1,273,589",,,,,"*  In Louisiana, a Congressional primary election is not held. In 2014, the election for candidates seeking Federal office was the General Election (held on 11/4/2014), with a Runoff Election held on 12/6/14, if necessary.",,
,,,n/a,,,,,,,,,,,,,,,,,,,,
ME,Maine,S,S6ME00159 ,(I),Susan M.,Collins,"Collins, Susan M.",,R,"53,416",98.86%,,,"413,495",68.46%,,,,,W,,,
ME,Maine,S,S4ME00089,,Erick,Bennett,"Bennett, Erick",,W(R),615,1.14%,,,,,,,,,,,,
ME,Maine,S,n/a,,,,,Party Votes:,R,"54,031",,,,,,,,,,,,,
ME,Maine,S,S4ME00071 ,,Shenna,Bellows,"Bellows, Shenna",,D,"47,909",100.00%,,,"190,244",31.50%,,,,,,,,
ME,Maine,S,n/a,,,,,Party Votes:,D,"47,909",,,,,,,,,,,,,
ME,Maine,S,S4ME00105 ,,,Others,Others,,W,,,,,269,0.04%,,,,,,,,
ME,Maine,S,n/a,,,,,Total State Votes:,,"101,940",,,,"604,008",,,,,,,,,
,,,n/a,,,,,,,,,,,,,,,,,,,,
MA,Massachusetts,S,S4MA00028,(I),Edward J.,Markey,"Markey, Edward J.",,D,"402,433",98.29%,,,"1,289,944",61.87%,,,,,W,,,
MA,Massachusetts,S,n/a,,,All Others,All Others,,W(D),"6,986",1.71%,,,,,,,,,,,,
MA,Massachusetts,S,n/a,,,,,Party Votes:,D,"409,419",,,,,,,,,,,,,
MA,Massachusetts,S,S4MA00234,,Brian J.,Herr,"Herr, Brian J.",,R,"117,216",99.26%,,,"791,950",37.98%,,,,,,,,
MA,Massachusetts,S,n/a,,,All Others,All Others,,W(R),872,0.74%,,,,,,,,,,,,
MA,Massachusetts,S,n/a,,,,,Party Votes:,R,"118,088",,,,,,,,,,,,,
MA,Massachusetts,S,n/a,,,All Others,All Others,,W,,,,,"3,072",0.15%,,,,,,,,
MA,Massachusetts,S,n/a,,Brian R.,Muello,"Muello, Brian R.",,W,,,,,6,0.00%,,,,,,,,
MA,Massachusetts,S,n/a,,,,,Total State Votes:,,"527,507",,,,"2,084,972",,,,,,,,,
,,,n/a,,,,,,,,,,,,,,,,,,,,
MI,Michigan,S,S4MI00355 ,,Gary,Peters,"Peters, Gary",,D,"504,102",100.00%,,,"1,704,936",54.61%,,,,,W,,,
MI,Michigan,S,n/a,,,,,Party Votes:,D,"504,102",,,,,,,,,,,,,
MI,Michigan,S,S4MI00363 ,,Terri Lynn,Land,"Land, Terri Lynn",,R,"588,084",100.00%,,,"1,290,199",41.33%,,,,,,,,
MI,Michigan,S,n/a,,,,,Party Votes:,R,"588,084",,,,,,,,,,,,,
MI,Michigan,S,S4MI00371,,Jim,Fulner,"Fulner, Jim",,LIB,*,,,,"62,897",2.01%,,,,,,"* The Green Party nominated by convention on June 8, 2014, the Libertarian Party nominated by convention on May 17, 2014, and the U.S. Taxpayers Party nominated by convention on June 28, 2014.  Convention nominees are noted with an asterisk.",,
MI,Michigan,S,S2MI00243,,Richard A.,Matkin,"Matkin, Richard A.",,UST,*,,,,"37,529",1.20%,,,,,,"* The Green Party nominated by convention on June 8, 2014, the Libertarian Party nominated by convention on May 17, 2014, and the U.S. Taxpayers Party nominated by convention on June 28, 2014.  Convention nominees are noted with an asterisk.",,
MI,Michigan,S,S4MI00413,,Chris,Wahmhoff,"Wahmhoff, Chris",,GRE,*,,,,"26,137",0.84%,,,,,,"* The Green Party nominated by convention on June 8, 2014, the Libertarian Party nominated by convention on May 17, 2014, and the U.S. Taxpayers Party nominated by convention on June 28, 2014.  Convention nominees are noted with an asterisk.",,
MI,Michigan,S,S4MI00405,,Jeff,Jones,"Jones, Jeff",,W,,,,,67,0.00%,,,,,,,,
MI,Michigan,S,S4MI00421,,Robert,Boensch,"Boensch, Robert",,W,,,,,6,0.00%,,,,,,,,
MI,Michigan,S,S4MI00447,,Douglas,Troszak,"Troszak, Douglas",,W,,,,,4,0.00%,,,,,,,,
MI,Michigan,S,n/a,,,,,Total State Votes:,,"1,092,186",,,,"3,121,775",,,,,,,,,
,,,n/a,,,,,,,,,,,,,,,,,,,,
MN,Minnesota,S,S8MN00438 ,(I),Al,Franken,"Franken, Al",,DFL,"182,720",94.50%,,,"1,053,205",53.15%,,,,,W,,,
MN,Minnesota,S,S4MN00411,,Sandra,Henningsgard,"Henningsgard, Sandra",,DFL,"10,627",5.50%,,,,,,,,,,,,
MN,Minnesota,S,n/a,,,,,Party Votes:,DFL,"193,347",,,,,,,,,,,,,
MN,Minnesota,S,S4MN00346 ,,Mike,McFadden,"McFadden, Mike",,R,"129,601",71.74%,,,"850,227",42.91%,,,,,,,,
MN,Minnesota,S,S4MN00353,,Jim,Abeler,"Abeler, Jim",,R,"26,714",14.79%,,,,,,,,,,,,
MN,Minnesota,S,S2MN00290,,David,Carlson,"Carlson, David",,R,"16,449",9.10%,,,,,,,,,,,,
MN,Minnesota,S,S4MN00429,,Patrick D.,Munro,"Munro, Patrick D.",,R,"5,058",2.80%,,,,,,,,,,,,
MN,Minnesota,S,S4MN00023,,O.,Savior,"Savior, O.",,R,"2,840",1.57%,,,,,,,,,,,,
MN,Minnesota,S,n/a,,,,,Party Votes:,R,"180,662",,,,,,,,,,,,,
MN,Minnesota,S,S4MN00437,,Steve,Carlson,"Carlson, Steve",,IDP,"2,148",33.90%,,,"47,530",2.40%,,,,,,,,
MN,Minnesota,S,S4MN00403 ,,Kevin,Terrell,"Terrell, Kevin",,IDP,"1,376",21.72%,,,,,,,,,,,,
MN,Minnesota,S,S2MN00159 ,,Jack,Shepard,"Shepard, Jack",,IDP,"1,130",17.83%,,,,,,,,,,,,
MN,Minnesota,S,S6MN00382,,Stephen,Williams,"Williams, Stephen",,IDP,862,13.60%,,,,,,,,,,,,
MN,Minnesota,S,S4MN00452,,Tom,Books,"Books, Tom",,IDP,820,12.94%,,,,,,,,,,,,
MN,Minnesota,S,n/a,,,,,Party Votes:,IDP,"6,336",,,,,,,,,,,,,
MN,Minnesota,S,S4MN00445,,Heather ,Johnson,"Johnson, Heather ",,LIB,Unopposed,,,,"29,685",1.50%,,,,,,,,
MN,Minnesota,S,n/a,,,Scattered,Scattered,,W,,,,,881,0.04%,,,,,,,,
MN,Minnesota,S,n/a,,,,,Total State Votes:,,"380,345",,,,"1,981,528",,,,,,,,,
,,,n/a,,,,,,,,,,,,,,,,,,,,
MS,Mississippi,S,S8MS00055,(I),Thad,Cochran,"Cochran, Thad",,R,"156,313",49.02%,"194,972",51.01%,"378,481",59.90%,,,,,W,,,
MS,Mississippi,S,S4MS00120,,Chris,McDaniel,"McDaniel, Chris",,R,"157,728",49.46%,"187,249",48.99%,,,,,,,,,,
MS,Mississippi,S,S4MS00179,,Thomas L. ,Carey,"Carey, Thomas L. ",,R,"4,854",1.52%,,,,,,,,,,,,
MS,Mississippi,S,n/a,,,,,Party Votes:,R,"318,895",,"382,221",,,,,,,,,,,
MS,Mississippi,S,S4MS00138,,Travis W.,Childers,"Childers, Travis W.",,D,"63,548",74.01%,,,"239,439",37.89%,,,,,,,,
MS,Mississippi,S,S4MS00153,,Bill ,Marcy,"Marcy, Bill ",,D,"10,361",12.07%,,,,,,,,,,,,
MS,Mississippi,S,S4MS00146,,"William Bond, Jr.",Compton,"Compton, William Bond, Jr.",,D,"8,465",9.86%,,,,,,,,,,,,
MS,Mississippi,S,S4MS00161,,Jonathan,Rawl,"Rawl, Jonathan",,D,"3,492",4.07%,,,,,,,,,,,,
MS,Mississippi,S,n/a,,,,,Party Votes:,D,"85,866",,,,,,,,,,,,,
MS,Mississippi,S,S4MS00062,,Shawn,O'Hara,"O'Hara, Shawn",,REF,Unopposed,,,,"13,938",2.21%,,,,,,,,
MS,Mississippi,S,n/a,,,,,Total State Votes:,,"404,761",,"382,221",,"631,858",,,,,,,,,
,,,n/a,,,,,,,,,,,,,,,,,,,,
MT,Montana,S,S2MT00096,,Steve,Daines,"Daines, Steve",,R,"110,565",83.37%,,,"213,709",57.79%,,,,,W,,,
MT,Montana,S,S4MT00134,,Susan ,Cundiff,"Cundiff, Susan ",,R,"11,909",8.98%,,,,,,,,,,,,
MT,Montana,S,S4MT00092,,Champ,Edmunds,"Edmunds, Champ",,R,"10,151",7.65%,,,,,,,,,,,,
MT,Montana,S,n/a,,,,,Party Votes:,R,"132,625",,,,,,,,,,,,,
MT,Montana,S,S4MT00159,,Amanda,Curtis,"Curtis, Amanda #",,D,#,,,,"148,184",40.07%,,,,,,"#  John Walsh withdrew on August 8, 2014, and Amanda Curtis was selected by the party at a nominating convention on August 16, 2014, to fill the vacancy on the general election ballot.",,
MT,Montana,S,S4MT00118,(I),John ,Walsh,"Walsh, John #",,D,"48,665",64.03%,,,,,,,,,,"#  John Walsh withdrew on August 8, 2014, and Amanda Curtis was selected by the party at a nominating convention on August 16, 2014, to fill the vacancy on the general election ballot.",,
MT,Montana,S,S4MT00126,,John ,Bohlinger,"Bohlinger, John ",,D,"17,187",22.61%,,,,,,,,,,,,
MT,Montana,S,S4MT00100,,Dirk S.,Adams,"Adams, Dirk S.",,D,"10,139",13.34%,,,,,,,,,,,,
MT,Montana,S,n/a,,,Scattered,Scattered,,W(D),11,0.01%,,,,,,,,,,,,
MT,Montana,S,n/a,,,,,Party Votes:,D,"76,002",,,,,,,,,,,,,
MT,Montana,S,S4MT00142,,Roger,Roots,"Roots, Roger",,LIB,Unopposed,,,,"7,933",2.15%,,,,,,,,
MT,Montana,S,n/a,,,,,Total State Votes:,,"208,627",,,,"369,826",,,,,,,,,
,,,n/a,,,,,,,,,,,,,,,,,,,,
NE,Nebraska,S,S4NE00090 ,,Ben,Sasse,"Sasse, Ben",,R,"108,443",49.54%,,,"347,636",64.34%,,,,,W,,,
NE,Nebraska,S,S4NE00116 ,,Sid ,Dinsdale,"Dinsdale, Sid ",,R,"49,026",22.40%,,,,,,,,,,,,
NE,Nebraska,S,S4NE00074,,Shane,Osborn,"Osborn, Shane",,R,"45,952",20.99%,,,,,,,,,,,,
NE,Nebraska,S,S4NE00082 ,,Bart ,McLeay,"McLeay, Bart ",,R,"12,348",5.64%,,,,,,,,,,,,
NE,Nebraska,S,S4NE00132 ,,Clifton R.,Johnson,"Johnson, Clifton R.",,R,"3,110",1.42%,,,,,,,,,,,,
NE,Nebraska,S,n/a,,,,,Party Votes:,R,"218,879",,,,,,,,,,,,,
NE,Nebraska,S,S4NE00090 ,,Ben,Sasse,"Sasse, Ben",,N(R),"2,359",39.95%,,,,,,,,,,,,
NE,Nebraska,S,S4NE00116 ,,Sid ,Dinsdale,"Dinsdale, Sid ",,N(R),"1,468",24.86%,,,,,,,,,,,,
NE,Nebraska,S,S4NE00074,,Shane,Osborn,"Osborn, Shane",,N(R),"1,386",23.47%,,,,,,,,,,,,
NE,Nebraska,S,S4NE00082 ,,Bart ,McLeay,"McLeay, Bart ",,N(R),492,8.33%,,,,,,,,,,,,
NE,Nebraska,S,S4NE00132 ,,Clifton R.,Johnson,"Johnson, Clifton R.",,N(R),200,3.39%,,,,,,,,,,,,
NE,Nebraska,S,n/a,,,,,Party Votes:,N(R),"5,905",,,,,,,,,,,,,
NE,Nebraska,S,S4NE00140 ,,Dave,Domina,"Domina, Dave",,D,"44,487",67.44%,,,"170,127",31.49%,,,,,,,,
NE,Nebraska,S,S8NE00141,,Larry ,Marvin,"Marvin, Larry ",,D,"21,483",32.56%,,,,,,,,,,,,
NE,Nebraska,S,n/a,,,,,Party Votes:,D,"65,970",,,,,,,,,,,,,
NE,Nebraska,S,S4NE00140 ,,Dave,Domina,"Domina, Dave",,N(DEM),"1,161",73.39%,,,,,,,,,,,,
NE,Nebraska,S,S8NE00141,,Larry ,Marvin,"Marvin, Larry ",,N(DEM),421,26.61%,,,,,,,,,,,,
NE,Nebraska,S,n/a,,,,,Party Votes:,N(DEM),"1,582",,,,,,,,,,,,,
NE,Nebraska,S,S4NE00124 ,,Jim,Jenkins,"Jenkins, Jim",,BP,,,,,"15,868",2.94%,,,,,,,,
NE,Nebraska,S,S4NE00157 ,,Todd F.,Watson,"Watson, Todd F.",,BP,,,,,"6,260",1.16%,,,,,,,,
NE,Nebraska,S,n/a,,,Scattered,Scattered,,W,,,,,446,0.08%,,,,,,,,
NE,Nebraska,S,n/a,,,,,Total State Votes:,,"292,336",,,,"540,337",,,,,,,,,
,,,n/a,,,,,,,,,,,,,,,,,,,,
NH,New Hampshire,S,S0NH00219,(I),Jeanne,Shaheen,"Shaheen, Jeanne",,D,"39,282",97.83%,,,"251,184",51.46%,,,,,W,,,
NH,New Hampshire,S,S4NH00120,,Scott P.,Brown,"Brown, Scott P.",,W(D),363,0.90%,,,,,,,,,,,,
NH,New Hampshire,S,n/a,,,Scattered,Scattered,,W(D),245,0.61%,,,,,,,,,,,,
NH,New Hampshire,S,S4NH00112,,Jim,Rubens,"Rubens, Jim",,W(D),127,0.32%,,,,,,,,,,,,
NH,New Hampshire,S,S0NH00144,,Bob ,Smith,"Smith, Bob ",,W(D),123,0.31%,,,,,,,,,,,,
NH,New Hampshire,S,S2NH00124,,Mark W.,Farnham,"Farnham, Mark W.",,W(D),4,0.01%,,,,,,,,,,,,
NH,New Hampshire,S,S4NH00153,,Bob,Heghmann,"Heghmann, Bob",,W(D),4,0.01%,,,,,,,,,,,,
NH,New Hampshire,S,S4NH00161,,Walter W.,Kelly,"Kelly, Walter W.",,W(D),2,0.00%,,,,,,,,,,,,
NH,New Hampshire,S,S4NH00096,,Andy,Martin,"Martin, Andy",,W(D),2,0.00%,,,,,,,,,,,,
NH,New Hampshire,S,S4NH00138,,Robert,D'Arcy,"D'Arcy, Robert",,W(D),0,0.00%,,,,,,,,,,,,
NH,New Hampshire,S,n/a,,,,,Party Votes:,D,"40,152",,,,,,,,,,,,,
NH,New Hampshire,S,S4NH00120,,Scott P.,Brown,"Brown, Scott P.",,R,"59,147",49.86%,,,"235,347",48.21%,,,,,,,,
NH,New Hampshire,S,S4NH00112,,Jim,Rubens,"Rubens, Jim",,R,"27,252",22.97%,,,,,,,,,,,,
NH,New Hampshire,S,S0NH00144,,Bob ,Smith,"Smith, Bob ",,R,"26,762",22.56%,,,,,,,,,,,,
NH,New Hampshire,S,S4NH00161,,Walter W.,Kelly,"Kelly, Walter W.",,R,"1,392",1.17%,,,,,,,,,,,,
NH,New Hampshire,S,S4NH00153,,Bob,Heghmann,"Heghmann, Bob",,R,789,0.67%,,,,,,,,,,,,
NH,New Hampshire,S,S4NH00096,,Andy,Martin,"Martin, Andy",,R,738,0.62%,,,,,,,,,,,,
NH,New Hampshire,S,S2NH00124,,Mark W.,Farnham,"Farnham, Mark W.",,R,737,0.62%,,,,,,,,,,,,
NH,New Hampshire,S,S4NH00146,,Miro,Dziedzic,"Dziedzic, Miro",,R,515,0.43%,,,,,,,,,,,,
NH,New Hampshire,S,S0NH00284,,Gerard,Beloin,"Beloin, Gerard",,R,503,0.42%,,,,,,,,,,,,
NH,New Hampshire,S,S4NH00138,,Robert,D'Arcy,"D'Arcy, Robert",,R,399,0.34%,,,,,,,,,,,,
NH,New Hampshire,S,S0NH00219,(I),Jeanne,Shaheen,"Shaheen, Jeanne",,W(R),220,0.19%,,,,,,,,,,,,
NH,New Hampshire,S,n/a,,,Scattered,Scattered,,W(R),183,0.15%,,,,,,,,,,,,
NH,New Hampshire,S,n/a,,,,,Party Votes:,R,"118,637",,,,,,,,,,,,,
NH,New Hampshire,S,n/a,,,Scattered,Scattered,,W,,,,,"1,628",0.33%,,,,,,,,
NH,New Hampshire,S,n/a,,,,,Total State Votes:,,"158,789",,,,"488,159",,,,,,,,,
,,,n/a,,,,,,,,,,,,,,,,,,,,
NJ,New Jersey,S,S4NJ00185 , (I),Cory ,Booker,"Booker, Cory ",,D,"202,129",100.00%,,,"1,043,866",55.84%,,,,,W,,,
NJ,New Jersey,S,n/a,,,,,Party Votes:,D,"202,129",,,,,,,,,,,,,
NJ,New Jersey,S,S8NJ00012 ,,Jeff,Bell,"Bell, Jeff",,R,"42,728",29.41%,,,"791,297",42.33%,,,,,,,,
NJ,New Jersey,S,S4NJ00169 ,,Richard J.,Pezzullo,"Pezzullo, Richard J.",,R,"38,130",26.24%,,,,,,,,,,,,
NJ,New Jersey,S,S4NJ00292 ,,Brian D.,Goldberg,"Goldberg, Brian D.",,R,"36,266",24.96%,,,,,,,,,,,,
NJ,New Jersey,S,S8NJ00285 ,,Murray,Sabrin,"Sabrin, Murray",,R,"28,183",19.40%,,,,,,,,,,,,
NJ,New Jersey,S,n/a,,,,,Party Votes:,R,"145,307",,,,,,,,,,,,,
NJ,New Jersey,S,S4NJ00318 ,,Joseph,Baratelli,"Baratelli, Joseph",,LIB,,,,,"16,721",0.89%,,,,,,,,
NJ,New Jersey,S,S4NJ00326,,Hank,Schroeder,"Schroeder, Hank",,EG,,,,,"5,704",0.31%,,,,,,,,
NJ,New Jersey,S,S8NJ00418,,Jeff,Boss,"Boss, Jeff",,IND,,,,,"4,513",0.24%,,,,,,,,
NJ,New Jersey,S,S2NJ00460,,Martin Eugene,LaVergne,"LaVergne, Martin Eugene",,DRP,,,,,"3,890",0.21%,,,,,,,,
NJ,New Jersey,S,S4NJ00243 ,,Antonio N.,Sabas,"Sabas, Antonio N.",,IND,,,,,"3,544",0.19%,,,,,,,,
NJ,New Jersey,S,n/a,,,,,Total State Votes:,,"347,436",,,,"1,869,535",,,,,,,,,
,,,n/a,,,,,,,,,,,,,,,,,,,,
NM,New Mexico,S,S8NM00184,(I),Tom,Udall,"Udall, Tom",,D,"113,502",100.00%,,,"286,409",55.56%,,,,,W,,,
NM,New Mexico,S,n/a,,,,,Party Votes:,D,"113,502",,,,,,,,,,,,,
NM,New Mexico,S,S4NM00100,,Allen E. ,Weh,"Weh, Allen E. ",,R,"41,566",63.00%,,,"229,097",44.44%,,,,,,,,
NM,New Mexico,S,S4NM00092,,David Kale ,Clements,"Clements, David Kale ",,R,"24,413",37.00%,,,,,,,,,,,,
NM,New Mexico,S,n/a,,,,,Party Votes:,R,"65,979",,,,,,,,,,,,,
NM,New Mexico,S,n/a,,,,,Total State Votes:,,"179,481",,,,"515,506",,,,,,,,,
,,,n/a,,,,,,,,,,,,,,,,,,,,
NC,North Carolina,S,S4NC00162,,Thom,Tillis,"Tillis, Thom",,R,"223,174",45.68%,,,"1,423,259",48.82%,,,,,W,,,
NC,North Carolina,S,S4NC00147,,Greg,Brannon,"Brannon, Greg",,R,"132,630",27.15%,,,,,,,,,,,,
NC,North Carolina,S,S4NC00154,,Mark,Harris,"Harris, Mark",,R,"85,727",17.55%,,,,,,,,,,,,
NC,North Carolina,S,S4NC00170,,Heather,Grant,"Grant, Heather",,R,"22,971",4.70%,,,,,,,,,,,,
NC,North Carolina,S,S2NC00141,,Jim,Snyder,"Snyder, Jim",,R,"9,414",1.93%,,,,,,,,,,,,
NC,North Carolina,S,S4NC00220,,Ted,Alexander,"Alexander, Ted",,R,"9,258",1.89%,,,,,,,,,,,,
NC,North Carolina,S,S4NC00246,,Alex Lee,Bradshaw,"Bradshaw, Alex Lee",,R,"3,528",0.72%,,,,,,,,,,,,
NC,North Carolina,S,S4NC00196,,Edward,Kryn,"Kryn, Edward",,R,"1,853",0.38%,,,,,,,,,,,,
NC,North Carolina,S,n/a,,,,,Party Votes:,R,"488,555",,,,,,,,,,,,,
NC,North Carolina,S,S8NC00239,(I),Kay,Hagan,"Hagan, Kay",,D,"372,209",77.16%,,,"1,377,651",47.26%,,,,,,,,
NC,North Carolina,S,S4NC00212,,Will,Stewart,"Stewart, Will",,D,"66,903",13.87%,,,,,,,,,,,,
NC,North Carolina,S,S4NC00238,,Ernest T.,Reeves,"Reeves, Ernest T.",,D,"43,257",8.97%,,,,,,,,,,,,
NC,North Carolina,S,n/a,,,,,Party Votes:,D,"482,369",,,,,,,,,,,,,
NC,North Carolina,S,S2NC00257,,Sean,Haugh,"Haugh, Sean",,LIB,"1,226",60.69%,,,"109,100",3.74%,,,,,,,,
NC,North Carolina,S,S4NC00253,,Tim,D'Annunzio,"D'Annunzio, Tim",,LIB,794,39.31%,,,,,,,,,,,,
NC,North Carolina,S,n/a,,,,,Party Votes:,LIB,"2,020",,,,,,,,,,,,,
NC,North Carolina,S,n/a,,,Scattered,Scattered,,W,,,,,"4,307",0.15%,,,,,,,,
NC,North Carolina,S,S4NC00287,,John ,Rhodes,"Rhodes, John ",,W,,,,,621,0.02%,,,,,,,,
NC,North Carolina,S,S4NC00295,,David,Waddell,"Waddell, David",,W,,,,,201,0.01%,,,,,,,,
NC,North Carolina,S,S4NC00279,,Barry,Gurney,"Gurney, Barry",,W,,,,,142,0.00%,,,,,,,,
NC,North Carolina,S,n/a,,,,,Total State Votes:,,"972,944",,,,"2,915,281",,,,,,,,,
,,,n/a,,,,,,,,,,,,,,,,,,,,
OK,Oklahoma,S  - FULL TERM,S4OK00083,(I),Jim,Inhofe,"Inhofe, Jim",,R,"231,291",87.68%,,,"558,166",68.01%,,,,,W,,,
OK,Oklahoma,S  - FULL TERM,S8OK00241,,Evelyn L.,Rogers,"Rogers, Evelyn L.",,R,"11,960",4.53%,,,,,,,,,,,,
OK,Oklahoma,S  - FULL TERM,S4OK00299,,Erick Paul,Wyatt,"Wyatt, Erick Paul",,R,"11,713",4.44%,,,,,,,,,,,,
OK,Oklahoma,S  - FULL TERM,S4OK00323,,Rob,Moye,"Moye, Rob",,R,"4,846",1.84%,,,,,,,,,,,,
OK,Oklahoma,S  - FULL TERM,S4OK00315,,D. Jean,McBride-Samuels,"McBride-Samuels, D. Jean",,R,"3,965",1.50%,,,,,,,,,,,,
OK,Oklahoma,S  - FULL TERM,n/a,,,,,Party Votes:,R,"263,775",,,,,,,,,,,,,
OK,Oklahoma,S  - FULL TERM,S4OK00216,,Matt,Silverstein,"Silverstein, Matt",,D,Unopposed,,,,"234,307",28.55%,,,,,,,,
OK,Oklahoma,S  - FULL TERM,S4OK00224,,Joan,Farr,"Farr, Joan",,IND,,,,,"10,554",1.29%,,,,,,,,
OK,Oklahoma,S  - FULL TERM,S4OK00349,,Ray,Woods,"Woods, Ray",,IND,,,,,"9,913",1.21%,,,,,,,,
OK,Oklahoma,S  - FULL TERM,S4OK00331,,Aaron,DeLozier,"DeLozier, Aaron",,IND,,,,,"7,793",0.95%,,,,,,,,
OK,Oklahoma,S  - FULL TERM,n/a,,,,,Total Full Term State Votes:,,"263,775",,,,"820,733",,,,,,,,,
,,,n/a,,,,,,,,,,,,,,,,,,,,
OK,Oklahoma,S-UNEXPIRED TERM,S4OK00232,,James,Lankford,"Lankford, James",,R,"152,749",57.24%,,,"557,002",67.85%,,,,,W,,,
OK,Oklahoma,S-UNEXPIRED TERM,S4OK00257,,T. W.,Shannon,"Shannon, T. W.",,R,"91,854",34.42%,,,,,,,,,,,,
OK,Oklahoma,S-UNEXPIRED TERM,S4OK00240,,Randy,Brogdon,"Brogdon, Randy",,R,"12,934",4.85%,,,,,,,,,,,,
OK,Oklahoma,S-UNEXPIRED TERM,S4OK00281,,Kevin,Crow,"Crow, Kevin",,R,"2,828",1.06%,,,,,,,,,,,,
OK,Oklahoma,S-UNEXPIRED TERM,S4OK00364,,Andy,Craig,"Craig, Andy",,R,"2,427",0.91%,,,,,,,,,,,,
OK,Oklahoma,S-UNEXPIRED TERM,S4OK00265,,Eric C.,McCray,"McCray, Eric C.",,R,"2,272",0.85%,,,,,,,,,,,,
OK,Oklahoma,S-UNEXPIRED TERM,S4OK00273,,Jason,Weger,"Weger, Jason",,R,"1,794",0.67%,,,,,,,,,,,,
OK,Oklahoma,S-UNEXPIRED TERM,n/a,,,,,Party Votes:,R,"266,858",,,,,,,,,,,,,
OK,Oklahoma,S-UNEXPIRED TERM,S4OK00307,,Connie,Johnson,"Johnson, Connie",,D,"71,462",,"54,762",57.99%,"237,923",28.98%,,,,,,,,
OK,Oklahoma,S-UNEXPIRED TERM,S2OK00095,,Jim,Rogers,"Rogers, Jim",,D,"57,598",35.34%,"39,664",42.01%,,,,,,,,,,
OK,Oklahoma,S-UNEXPIRED TERM,S4OK00356,,Patrick Michael,Hayes,"Hayes, Patrick Michael",,D,"33,943",20.82%,,,,,,,,,,,,
OK,Oklahoma,S-UNEXPIRED TERM,n/a,,,,,Party Votes:,D,"163,003",,"94,426",,,,,,,,,,,
OK,Oklahoma,S-UNEXPIRED TERM,S4OK00372,,Mark T.,Beard,"Beard, Mark T.",,IND,,,,,"25,965",3.16%,,,,,,,,
OK,Oklahoma,S-UNEXPIRED TERM,n/a,,,,,Total Unexpired Term State Votes:,,"429,861",,"94,426",,"820,890",,,,,,,,,
,,,n/a,,,,,,,,,,,,,,,,,,,,
OR,Oregon,S,S8OR00207 ,(I),Jeff,Merkley,"Merkley, Jeff",,DEM/IP/PRO/WF,"277,120",92.04%,,,"814,537",55.73%,,,,,W,"*  The Constitution party nominated by convention on May 24, 2014 and the Pacific Green Party nominated by convention on June 7, 2014.  The Libertarian party conducted its own primary election on June 6, 2014, and the Independent Party conducted its own primary election on July 19, 2014. These nominees are noted with an asterisk.",,
OR,Oregon,S,S4OR00214,,William ,Bryk,"Bryk, William ",,D,"11,330",8.42%,,,,,,,,,,,,
OR,Oregon,S,S4OR00065 ,,Pavel ,Goberman,"Goberman, Pavel ",,D,"8,436",8.32%,,,,,,,,,,,,
OR,Oregon,S,n/a,,,Scattered,Scattered,,W(D),"4,194",23.02%,,,,,,,,,,,,
OR,Oregon,S,n/a,,,,,Party Votes:,D,"301,080",,,,,,,,,,,,,
OR,Oregon,S,S4OR00198 ,,Monica,Wehby,"Wehby, Monica",,R,"134,627",,,,"538,847",36.87%,,,,,,,,
OR,Oregon,S,S4OR00180 ,,Jason,Conger,"Conger, Jason",,R,"101,401",37.63%,,,,,,,,,,,,
OR,Oregon,S,S4OR00172 ,,Mark,Callahan ,"Callahan, Mark ",,R,"18,220",6.76%,,,,,,,,,,,,
OR,Oregon,S,S4OR00156 ,,Jo Rae ,Perkins,"Perkins, Jo Rae ",,R,"7,602",2.82%,,,,,,,,,,,,
OR,Oregon,S,S4OR00206 ,,Timothy I.,Crawley,"Crawley, Timothy I.",,R,"6,566",2.44%,,,,,,,,,,,,
OR,Oregon,S,n/a,,,Scattered,Scattered,,W(R),"1,027",0.38%,,,,,,,,,,,,
OR,Oregon,S,n/a,,,,,Party Votes:,R,"269,443",,,,,,,,,,,,,
OR,Oregon,S,S4OR00222,,Mike,Montchalin,"Montchalin, Mike",,LIB,*,,,,"44,916",3.07%,,,,,,"*  The Constitution party nominated by convention on May 24, 2014 and the Pacific Green Party nominated by convention on June 7, 2014.  The Libertarian party conducted its own primary election on June 6, 2014, and the Independent Party conducted its own primary election on July 19, 2014. These nominees are noted with an asterisk.",,
OR,Oregon,S,S4OR00263,,Christina Jean,Lugo,"Lugo, Christina Jean",,PG,*,,,,"32,434",2.22%,,,,,,"*  The Constitution party nominated by convention on May 24, 2014 and the Pacific Green Party nominated by convention on June 7, 2014.  The Libertarian party conducted its own primary election on June 6, 2014, and the Independent Party conducted its own primary election on July 19, 2014. These nominees are noted with an asterisk.",,
OR,Oregon,S,S4OR00255,,James E.,Leuenberger,"Leuenberger, James E.",,CON,*,,,,"24,212",1.66%,,,,,,"*  The Constitution party nominated by convention on May 24, 2014 and the Pacific Green Party nominated by convention on June 7, 2014.  The Libertarian party conducted its own primary election on June 6, 2014, and the Independent Party conducted its own primary election on July 19, 2014. These nominees are noted with an asterisk.",,
OR,Oregon,S,n/a,,,Scattered,Scattered,,W,,,,,"6,672",0.46%,,,,,,,,
OR,Oregon,S,n/a,,,,,Total State Votes:,,"570,523",,,,"1,461,618",,,,,,,,,
,,,n/a,,,,,,,,,,,,,,,,,,,,
RI,Rhode Island,S,S6RI00163,(I),John F.,Reed,"Reed, John F.",,D,"98,816",100.00%,,,"223,675",70.58%,,,,,W,,,
RI,Rhode Island,S,n/a,,,,,Party Votes:,D,"98,816",,,,,,,,,,,,,
RI,Rhode Island,S,S4RI00044,,Mark S.,Zaccaria,"Zaccaria, Mark S.",,R,"23,787",100.00%,,,"92,684",29.25%,,,,,,,,
RI,Rhode Island,S,n/a,,,,,Party Votes:,R,"23,787",,,,,,,,,,,,,
RI,Rhode Island,S,n/a,,,Scattered,Scattered,,W,,,,,531,0.17%,,,,,,,,
RI,Rhode Island,S,n/a,,Bob,Healy,"Healy, Bob",,W,,,,,8,0.00%,,,,,,,,
RI,Rhode Island,S,n/a,,,,,Total State Votes:,,"122,603",,,,"316,898",,,,,,,,,
,,,n/a,,,,,,,,,,,,,,,,,,,,
SC,South Carolina,S   (Full Term),S0SC00149,(I),Lindsey,Graham,"Graham, Lindsey",,R,"178,833",56.42%,,,"672,941",54.27%,,,,,W,,,
SC,South Carolina,S   (Full Term),S4SC00273,,Lee,Bright,"Bright, Lee",,R,"48,904",15.43%,,,,,,,,,,,,
SC,South Carolina,S   (Full Term),S4SC00265,,Richard,Cash,"Cash, Richard",,R,"26,325",8.30%,,,,,,,,,,,,
SC,South Carolina,S   (Full Term),S4SC00323,,Det,Bowers,"Bowers, Det",,R,"23,172",7.31%,,,,,,,,,,,,
SC,South Carolina,S   (Full Term),S4SC00281,,Nancy,Mace,"Mace, Nancy",,R,"19,634",6.19%,,,,,,,,,,,,
SC,South Carolina,S   (Full Term),S4SC00299,,Bill,Connor,"Connor, Bill",,R,"16,912",5.34%,,,,,,,,,,,,
SC,South Carolina,S   (Full Term),S4SC00349,,Benjamin ,Dunn,"Dunn, Benjamin ",,R,"3,209",1.01%,,,,,,,,,,,,
SC,South Carolina,S   (Full Term),n/a,,,,,Party Votes:,R,"316,989",,,,,,,,,,,,,
SC,South Carolina,S   (Full Term),S4SC00364,,Brad,Hutto,"Hutto, Brad",,WF,*,,,,"24,207",1.95%,,,"480,933",38.78%,,"* The American Party and the Libertarian Party each nominated by convention on May 10, 2014, and the Working Families Party nominated by convention on August 14, 2014.  Convention nominees are noted with an asterisk.",,
SC,South Carolina,S   (Full Term),S4SC00364,,Brad,Hutto,"Hutto, Brad",,D,"87,552",76.65%,,,"456,726",36.83%,,,"480,933",38.78%,,,,
SC,South Carolina,S   (Full Term),S4SC00257,,Jay,Stamper,"Stamper, Jay",,D,"26,678",23.35%,,,,,,,,,,,,
SC,South Carolina,S   (Full Term),n/a,,,,,Party Votes:,D,"114,230",,,,,,,,,,,,,
SC,South Carolina,S   (Full Term),S2SC00079,,Victor,Kocher,"Kocher, Victor",,LIB,*,,,,"33,839",2.73%,,,,,,"* The American Party and the Libertarian Party each nominated by convention on May 10, 2014, and the Working Families Party nominated by convention on August 14, 2014.  Convention nominees are noted with an asterisk.",,
SC,South Carolina,S   (Full Term),S4SC00109,,Thomas,Ravenel,"Ravenel, Thomas",,PET,,,,,"47,588",3.84%,,,,,,,,
SC,South Carolina,S   (Full Term),n/a,,,Scattered,Scattered,,W,,,,,"4,774",0.38%,,,,,,,,
SC,South Carolina,S   (Full Term),n/a,,,,,Total State Votes (Full Term):,,"431,219",,,,"1,240,075",,,,,,,,,
,,,n/a,,,,,,,,,,,,,,,,,,,,
SC,South Carolina,S   (Unexpired Term),S4SC00240,(I),Tim,Scott,"Scott, Tim",,R,"276,147",89.98%,,,"757,215",61.12%,,,,,W,,,
SC,South Carolina,S   (Unexpired Term),S4SC00380,,Randall ,Young,"Young, Randall ",,R,"30,741",10.02%,,,,,,,,,,,,
SC,South Carolina,S   (Unexpired Term),n/a,,,,,Party Votes:,R,"306,888",,,,,,,,,,,,,
SC,South Carolina,S   (Unexpired Term),S4SC00307,,Joyce,Dickerson,"Dickerson, Joyce",,D,"72,874",65.39%,,,"459,583",37.09%,,,,,,,,
SC,South Carolina,S   (Unexpired Term),S4SC00372,,Sidney ,Moore,"Moore, Sidney ",,D,"26,310",23.61%,,,,,,,,,,,,
SC,South Carolina,S   (Unexpired Term),S2SC00087,,Harry ,Pavilack,"Pavilack, Harry ",,D,"12,253",11.00%,,,,,,,,,,,,
SC,South Carolina,S   (Unexpired Term),n/a,,,,,Party Votes:,D,"111,437",,,,,,,,,,,,,
SC,South Carolina,S   (Unexpired Term),S4SC00356,,Jill,Bossi,"Bossi, Jill",,AM,*,,,,"21,652",1.75%,,,,,,"* The American Party and the Libertarian Party each nominated by convention on May 10, 2014, and the Working Families Party nominated by convention on August 14, 2014.  Convention nominees are noted with an asterisk.",,
SC,South Carolina,S   (Unexpired Term),n/a,,,Scattered,Scattered,,W,,,,,532,0.04%,,,,,,,,
SC,South Carolina,S   (Unexpired Term),n/a,,,,,Total State Votes (Unexpired Term):,,"418,325",,,,"1,238,982",,,,,,,,,
,,,n/a,,,,,,,,,,,,,,,,,,,,
SD,South Dakota,S,S4SD00049 ,,Mike ,Rounds,"Rounds, Mike ",,R,"41,377",55.54%,,,"140,741",50.37%,,,,,W,,,
SD,South Dakota,S,S4SD00072 ,,Larry,Rhoden,"Rhoden, Larry",,R,"13,593",18.25%,,,,,,,,,,,,
SD,South Dakota,S,S4SD00080,,Stace,Nelson,"Nelson, Stace",,R,"13,179",17.69%,,,,,,,,,,,,
SD,South Dakota,S,S4SD00064,,Annette ,Bosworth,"Bosworth, Annette ",,R,"4,283",5.75%,,,,,,,,,,,,
SD,South Dakota,S,S4SD00098,,Jason ,Ravnsborg,"Ravnsborg, Jason ",,R,"2,066",2.77%,,,,,,,,,,,,
SD,South Dakota,S,n/a,,,,,Party Votes:,R,"74,498",,,,,,,,,,,,,
SD,South Dakota,S,S4SD00056,,Rick ,Weiland,"Weiland, Rick ",,D,Unopposed,,,,"82,456",29.51%,,,,,,,,
SD,South Dakota,S,S8SD00024 ,,Larry,Pressler,"Pressler, Larry",,IND,,,,,"47,741",17.09%,,,,,,,,
SD,South Dakota,S,S4SD00106,,Gordon,Howie,"Howie, Gordon",,IND,,,,,"8,474",3.03%,,,,,,,,
SD,South Dakota,S,n/a,,,,,Total State Votes:,,"74,498",,,,"279,412",,,,,,,,,
,,,n/a,,,,,,,,,,,,,,,,,,,,
TN,Tennessee,S,S2TN00058,(I),Lamar,Alexander,"Alexander, Lamar",,R,"331,705",49.65%,,,"850,087",61.87%,,,,,W,,,
TN,Tennessee,S,S4TN00302,,Joe ,Carr,"Carr, Joe ",,R,"271,324",40.61%,,,,,,,,,,,,
TN,Tennessee,S,S4TN00377,,George Shea,Flinn,"Flinn, George Shea",,R,"34,668",5.19%,,,,,,,,,,,,
TN,Tennessee,S,S4TN00369,,Christian,Agnew,"Agnew, Christian",,R,"11,320",1.69%,,,,,,,,,,,,
TN,Tennessee,S,S4TN00393,,Brenda S.,Lenard,"Lenard, Brenda S.",,R,"7,908",1.18%,,,,,,,,,,,,
TN,Tennessee,S,S4TN00385,,John D.,King,"King, John D.",,R,"7,748",1.16%,,,,,,,,,,,,
TN,Tennessee,S,S4TN00419,,Erin Kent,Magee,"Magee, Erin Kent",,R/W,"3,366",,,,5,0.00%,,,,,,,,
TN,Tennessee,S,n/a,,,,,Party Votes:,R,"668,039",,,,,,,,,,,,,
TN,Tennessee,S,S4TN00351,,Gordon,Ball,"Ball, Gordon",,D,"87,829",36.45%,,,"437,848",31.87%,,,,,,,,
TN,Tennessee,S,S4TN00328,,Terry,Adams,"Adams, Terry",,D,"85,794",35.61%,,,,,,,,,,,,
TN,Tennessee,S,S2TN00082,,Gary Gene,Davis,"Davis, Gary Gene",,D,"42,549",17.66%,,,,,,,,,,,,
TN,Tennessee,S,S2TN00223,,Larry ,Crim,"Crim, Larry ",,D,"24,777",10.28%,,,,,,,,,,,,
TN,Tennessee,S,n/a,,,,,Party Votes:,D,"240,949",,,,,,,,,,,,,
TN,Tennessee,S,S4TN00492,,Joe,Wilmoth,"Wilmoth, Joe",,CON,,,,,"36,088",2.63%,,,,,,,,
TN,Tennessee,S,S2TN00355,,Martin,Pleasant,"Pleasant, Martin",,GRE,,,,,"12,570",0.91%,,,,,,,,
TN,Tennessee,S,S4TN00427,,"Tom, Jr. ",Emerson,"Emerson, Tom, Jr. ",,IND,,,,,"11,157",0.81%,,,,,,,,
TN,Tennessee,S,S4TN00310,,Danny,Page,"Page, Danny",,IND,,,,,"7,713",0.56%,,,,,,,,
TN,Tennessee,S,S4TN00484,,Rick,Tyler,"Tyler, Rick",,IND,,,,,"5,759",0.42%,,,,,,,,
TN,Tennessee,S,S4TN00435,,Joshua,James,"James, Joshua",,IND,,,,,"5,678",0.41%,,,,,,,,
TN,Tennessee,S,S4TN00450,,Bartholomew J.,Phillips,"Phillips, Bartholomew J.",,IND,,,,,"2,386",0.17%,,,,,,,,
TN,Tennessee,S,S4TN00336,,Edmund L.,Gauthier,"Gauthier, Edmund L.",,IND,,,,,"2,314",0.17%,,,,,,,,
TN,Tennessee,S,S4TN00476,,Eric,Schechter,"Schechter, Eric",,IND,,,,,"1,673",0.12%,,,,,,,,
TN,Tennessee,S,S4TN00468,,C.,Salekin,"Salekin, C.",,IND,,,,,787,0.06%,,,,,,,,
TN,Tennessee,S,n/a,,,,,Total State Votes:,,"908,988",,,,"1,374,065",,,,,,,,,
,,,n/a,,,,,,,,,,,,,,,,,,,,
TX,Texas,S,S2TX00106,(I),John,Cornyn,"Cornyn, John",,R,"781,259",59.43%,,,"2,861,531",61.56%,,,,,W,,,
TX,Texas,S,S4TX00524,,Steve,Stockman,"Stockman, Steve",,R,"251,577",19.14%,,,,,,,,,,,,
TX,Texas,S,S4TX00433,,Dwayne,Stovall,"Stovall, Dwayne",,R,"140,794",10.71%,,,,,,,,,,,,
TX,Texas,S,S4TX00466,,Linda,Vega,"Vega, Linda",,R,"50,057",3.81%,,,,,,,,,,,,
TX,Texas,S,S4TX00532,,Ken,Cope,"Cope, Ken",,R,"34,409",2.62%,,,,,,,,,,,,
TX,Texas,S,S4TX00508,,Chris,Mapp,"Mapp, Chris",,R,"23,535",1.79%,,,,,,,,,,,,
TX,Texas,S,S4TX00490,,Reid,Reasor,"Reasor, Reid",,R,"20,600",1.57%,,,,,,,,,,,,
TX,Texas,S,S2TX00387,,Curt,Cleaver,"Cleaver, Curt",,R,"12,325",0.94%,,,,,,,,,,,,
TX,Texas,S,n/a,,,,,Party Votes:,R,"1,314,556",,,,,,,,,,,,,
TX,Texas,S,S4TX00516,,David M.,Alameel,"Alameel, David M.",,D,"239,914",47.04%,"145,227",72.15%,"1,597,387",34.36%,,,,,,,,
TX,Texas,S,S4TX00482,,Kesha,Rogers,"Rogers, Kesha",,D,"110,146",21.60%,"56,056",27.85%,,,,,,,,,,
TX,Texas,S,S4TX00458,,Maxey Marie,Scherr,"Scherr, Maxey Marie",,D,"90,359",17.72%,,,,,,,,,,,,
TX,Texas,S,S4TX00540,,Harry,Kim,"Kim, Harry",,D,"45,207",8.86%,,,,,,,,,,,,
TX,Texas,S,S4TX00474,,"Michael ""Fjet""",Fjetland,"Fjetland, Michael ""Fjet""",,D,"24,383",4.78%,,,,,,,,,,,,
TX,Texas,S,n/a,,,,,Party Votes:,D,"510,009",,"201,283",,,,,,,,,,,
TX,Texas,S,S4TX00573,,Rebecca,Paddock,"Paddock, Rebecca",,LIB,*,,,,"133,751",2.88%,,,,,,"* The Green and Libertarian Parties nominated by convention on April 12, 2014, for U.S. Senate.   Convention nominees are noted with an asterisk.",,
TX,Texas,S,S4TX00565,,Tanuja,Parachuri,"Parachuri, Tanuja",,LIB,,,,,,,,,,,,"* The Green and Libertarian Parties nominated by convention on April 12, 2014, for U.S. Senate.   Convention nominees are noted with an asterisk.",,
TX,Texas,S,S8TX00244,,Jon,Roland,"Roland, Jon",,LIB,,,,,,,,,,,,"* The Green and Libertarian Parties nominated by convention on April 12, 2014, for U.S. Senate.   Convention nominees are noted with an asterisk.",,
TX,Texas,S,S4TX00557 ,,"Emily ""Spicybrown""",Sanchez,"Sanchez, Emily ""Spicybrown""",,GRE,*,,,,"54,701",1.18%,,,,,,"* The Green and Libertarian Parties nominated by convention on April 12, 2014, for U.S. Senate.   Convention nominees are noted with an asterisk.",,
TX,Texas,S,S4TX00581,,Mohammed,Tahiro,"Tahiro, Mohammed",,W,,,,,988,0.02%,,,,,,,,
TX,Texas,S,n/a,,,,,Total State Votes:,,"1,824,565",,"201,283",,"4,648,358",,,,,,,,,
,,,n/a,,,,,,,,,,,,,,,,,,,,
VA,Virginia,S,S6VA00093,(I),Mark R.,Warner,"Warner, Mark R.",,D,Unopposed,,,,"1,073,667",49.15%,,,,,W,,,
VA,Virginia,S,S4VA00155,,Ed W.,Gillespie,"Gillespie, Ed W.",,R,"1,616**",60.07%,,,"1,055,940",48.34%,,,,,,"* In Virginia, the political parties may choose to nominate by convention rather than by primary election.  The Republican Party selected its U.S. Senate nominee at a convention held on June 7, 2014.  The Republican vote totals are from the convention, and the nominee is noted with two asterisks.",,
VA,Virginia,S,S4VA00148,,Shak,Hill,"Hill, Shak",,R,"1,040*",38.66%,,,,,,,,,,"* In Virginia, the political parties may choose to nominate by convention rather than by primary election.  The Republican Party selected its U.S. Senate nominee at a convention held on June 7, 2014.  The Republican vote totals are from the convention, and the nominee is noted with two asterisks.",,
VA,Virginia,S,S4VA00163,,Tony,DeTora,"DeTora, Tony",,R,20*,0.74%,,,,,,,,,,"* In Virginia, the political parties may choose to nominate by convention rather than by primary election.  The Republican Party selected its U.S. Senate nominee at a convention held on June 7, 2014.  The Republican vote totals are from the convention, and the nominee is noted with two asterisks.",,
VA,Virginia,S,S4VA00171,,Chuck,Moss,"Moss, Chuck",,R,14*,0.52%,,,,,,,,,,"* In Virginia, the political parties may choose to nominate by convention rather than by primary election.  The Republican Party selected its U.S. Senate nominee at a convention held on June 7, 2014.  The Republican vote totals are from the convention, and the nominee is noted with two asterisks.",,
VA,Virginia,S,n/a,,,,,Party Votes:,R,"2,690*",,,,,,,,,,,"* In Virginia, the political parties may choose to nominate by convention rather than by primary election.  The Republican Party selected its U.S. Senate nominee at a convention held on June 7, 2014.  The Republican vote totals are from the convention, and the nominee is noted with two asterisks.",,
VA,Virginia,S,S4VA00189,,Robert C.,Sarvis,"Sarvis, Robert C.",,LIB,,,,,"53,102",2.43%,,,,,,,,
VA,Virginia,S,n/a,,,Scattered,Scattered,,W,,,,,"1,764",0.08%,,,,,,,,
VA,Virginia,S,n/a,,,,,Total State Votes:,,"2,690*",,,,"2,184,473",,,,,,,,,
,,,n/a,,,,,,,,,,,,,,,,,,,,
WV,West Virginia,S,S4WV00159 ,,Shelly Moore,Capito,"Capito, Shelly Moore",,R,"74,655",87.50%,,,"281,820",62.12%,,,,,W,,,
WV,West Virginia,S,S4WV00209 ,,Matthew ,Dodrill,"Dodrill, Matthew ",,R,"7,072",8.29%,,,,,,,,,,,,
WV,West Virginia,S,S4WV00241,,Larry Eugene,Butcher,"Butcher, Larry Eugene",,R,"3,595",4.21%,,,,,,,,,,,,
WV,West Virginia,S,n/a,,,,,Party Votes:,R,"85,322",,,,,,,,,,,,,
WV,West Virginia,S,S4WV00183 ,,Natalie ,Tennant,"Tennant, Natalie ",,D,"104,598",77.95%,,,"156,360",34.46%,,,,,,,,
WV,West Virginia,S,S4WV00225,,Dennis,Melton,"Melton, Dennis",,D,"15,817",11.79%,,,,,,,,,,,,
WV,West Virginia,S,S4WV00233,,David B.,Wamsley,"Wamsley, David B.",,D,"13,773",10.26%,,,,,,,,,,,,
WV,West Virginia,S,n/a,,,,,Party Votes:,D,"134,188",,,,,,,,,,,,,
WV,West Virginia,S,S4WV00266,,John S.,Buckley,"Buckley, John S.",,LIB,*,,,,"7,409",1.63%,,,,,,"* The Libertarian Party nominated by convention on March 8, 2014, and the Mountain Party nominated by convention on July 19, 2014.  Convention nominees are noted with an asterisk.",,
WV,West Virginia,S,S2WV00070,,Bob Henry,Baber,"Baber, Bob Henry",,MTP,*,,,,"5,504",1.21%,,,,,,"* The Libertarian Party nominated by convention on March 8, 2014, and the Mountain Party nominated by convention on July 19, 2014.  Convention nominees are noted with an asterisk.",,
WV,West Virginia,S,S4WV00274,,Phil,Hudok,"Hudok, Phil",,CON,,,,,"2,566",0.57%,,,,,,,,
WV,West Virginia,S,S4WV00308,,Alex Wolf,Weinstein,"Weinstein, Alex Wolf",,W,,,,,10,0.00%,,,,,,,,
WV,West Virginia,S,S4WV00290,,Roger,Smith,"Smith, Roger",,W,,,,,8,0.00%,,,,,,,,
WV,West Virginia,S,S4WV00282,,Dino,Battista,"Battista, Dino",,W,,,,,7,0.00%,,,,,,,,
WV,West Virginia,S,S4WV00241,,Larry Eugene,Butcher,"Butcher, Larry Eugene",,W,,,,,5,0.00%,,,,,,,,
WV,West Virginia,S,n/a,,,,,,,,,,,,,,,,,,,,
WV,West Virginia,S,n/a,,,,,Total State Votes:,,"219,510",,,,"453,689",,,,,,,,,
,,,n/a,,,,,,,,,,,,,,,,,,,,
WY,Wyoming,S,S6WY00126 ,(I),Mike,Enzi,"Enzi, Mike",,R,"77,965",81.82%,,,"121,554",72.19%,,,,,W,,,
WY,Wyoming,S,S4WY00147,,Bryan E. ,Miller,"Miller, Bryan E. ",,R,"9,330",9.79%,,,,,,,,,,,,
WY,Wyoming,S,S4WY00139,,James 'Coaltrain',Gregory,"Gregory, James 'Coaltrain'",,R,"3,740",3.92%,,,,,,,,,,,,
WY,Wyoming,S,S2WY00117,,Thomas,Bleming,"Bleming, Thomas",,R,"2,504",2.63%,,,,,,,,,,,,
WY,Wyoming,S,S4WY00121 ,,Arthur Bruce,Clifton,"Clifton, Arthur Bruce",,R,"1,403",1.47%,,,,,,,,,,,,
WY,Wyoming,S,n/a,,,Scattered,Scattered,,W(R),346,0.36%,,,,,,,,,,,,
WY,Wyoming,S,n/a,,,,,Party Votes:,R,"95,288",,,,,,,,,,,,,
WY,Wyoming,S,S4WY00097 ,,Charlie,Hardy,"Hardy, Charlie",,D,"7,200",47.73%,,,"29,377",17.45%,,,,,,,,
WY,Wyoming,S,S4WY00113 ,,Rex,Wilde,"Wilde, Rex",,D,"3,012",19.97%,,,,,,,,,,,,
WY,Wyoming,S,S4WY00030,,Al,Hamburg,"Hamburg, Al",,D,"2,988",19.81%,,,,,,,,,,,,
WY,Wyoming,S,S2WY00091,,William,Bryk,"Bryk, William",,D,"1,670",11.07%,,,,,,,,,,,,
WY,Wyoming,S,n/a,,,Scattered,Scattered,,W(D),216,1.43%,,,,,,,,,,,,
WY,Wyoming,S,n/a,,,,,Party Votes:,D,"15,086",,,,,,,,,,,,,
WY,Wyoming,S,S4WY00105,,Curt,Gottshall,"Gottshall, Curt",,IND,,,,,"13,311",7.90%,,,,,,,,
WY,Wyoming,S,S4WY00154,,Joseph S.,Porambo,"Porambo, Joseph S.",,LIB,,,,,"3,677",2.18%,,,,,,,,
WY,Wyoming,S,n/a,,,Scattered,Scattered,,W,,,,,471,0.28%,,,,,,,,
WY,Wyoming,S,n/a,,,,,Total State Votes:,,"110,374",,,,"168,390",,,,,,,,,
,,,,,,,,,,,,,,,,,,,,,,,
,,,,,,,,,,,,,,,,,,,,,,,
,,,,,,,,,,,,,,,,,,,,,,,
,,,,,,,,,,,,,,,,,,,,,,,
,,,,,,,,,,,,,,,,,,,,,,,
,,,,,,,,,,,,,,,,,,,,,,,
,,,,,,,,,,,,,,,,,,,,,,,
,,,,,,,,,,,,,,,,,,,,,,,
,,,,,,,,,,,,,,,,,,,,,,,
,,,,,,,,,,,,,,,,,,,,,,,
,,,,,,,,,,,,,,,,,,,,,,,
,,,,,,,,,,,,,,,,,,,,,,,
,,,,,,,,,,,,,,,,,,,,,,,
,,,,,,,,,,,,,,,,,,,,,,,
,,,,,,,,,,,,,,,,,,,,,,,
,,,,,,,,,,,,,,,,,,,,,,,
,,,,,,,,,,,,,,,,,,,,,,,
,,,,,,,,,,,,,,,,,,,,,,,
,,,,,,,,,,,,,,,,,,,,,,,
,,,,,,,,,,,,,,,,,,,,,,,
,,,,,,,,,,,,,,,,,,,,,,,
,,,,,,,,,,,,,,,,,,,,,,,
,,,,,,,,,,,,,,,,,,,,,,,
,,,,,,,,,,,,,,,,,,,,,,,
,,,,,,,,,,,,,,,,,,,,,,,
,,,,,,,,,,,,,,,,,,,,,,,
,,,,,,,,,,,,,,,,,,,,,,,
,,,,,,,,,,,,,,,,,,,,,,,
,,,,,,,,,,,,,,,,,,,,,,,
,,,,,,,,,,,,,,,,,,,,,,,
,,,,,,,,,,,,,,,,,,,,,,,
,,,,,,,,,,,,,,,,,,,,,,,
,,,,,,,,,,,,,,,,,,,,,,,
,,,,,,,,,,,,,,,,,,,,,,,
,,,,,,,,,,,,,,,,,,,,,,,
,,,,,,,,,,,,,,,,,,,,,,,
,,,,,,,,,,,,,,,,,,,,,,,
,,,,,,,,,,,,,,,,,,,,,,,
,,,,,,,,,,,,,,,,,,,,,,,
,,,,,,,,,,,,,,,,,,,,,,,
,,,,,,,,,,,,,,,,,,,,,,,
,,,,,,,,,,,,,,,,,,,,,,,
,,,,,,,,,,,,,,,,,,,,,,,
,,,,,,,,,,,,,,,,,,,,,,,
,,,,,,,,,,,,,,,,,,,,,,,
,,,,,,,,,,,,,,,,,,,,,,,
,,,,,,,,,,,,,,,,,,,,,,,
,,,,,,,,,,,,,,,,,,,,,,,
,,,,,,,,,,,,,,,,,,,,,,,
,,,,,,,,,,,,,,,,,,,,,,,
,,,,,,,,,,,,,,,,,,,,,,,
,,,,,,,,,,,,,,,,,,,,,,,
,,,,,,,,,,,,,,,,,,,,,,,
,,,,,,,,,,,,,,,,,,,,,,,
,,,,,,,,,,,,,,,,,,,,,,,
,,,,,,,,,,,,,,,,,,,,,,,
,,,,,,,,,,,,,,,,,,,,,,,
,,,,,,,,,,,,,,,,,,,,,,,
,,,,,,,,,,,,,,,,,,,,,,,
,,,,,,,,,,,,,,,,,,,,,,,
,,,,,,,,,,,,,,,,,,,,,,,
,,,,,,,,,,,,,,,,,,,,,,,
,,,,,,,,,,,,,,,,,,,,,,,
,,,,,,,,,,,,,,,,,,,,,,,
,,,,,,,,,,,,,,,,,,,,,,,
,,,,,,,,,,,,,,,,,,,,,,,
,,,,,,,,,,,,,,,,,,,,,,,
,,,,,,,,,,,,,,,,,,,,,,,
,,,,,,,,,,,,,,,,,,,,,,,
,,,,,,,,,,,,,,,,,,,,,,,
,,,,,,,,,,,,,,,,,,,,,,,
,,,,,,,,,,,,,,,,,,,,,,,
,,,,,,,,,,,,,,,,,,,,,,,
,,,,,,,,,,,,,,,,,,,,,,,
,,,,,,,,,,,,,,,,,,,,,,,
,,,,,,,,,,,,,,,,,,,,,,,
,,,,,,,,,,,,,,,,,,,,,,,
,,,,,,,,,,,,,,,,,,,,,,,
,,,,,,,,,,,,,,,,,,,,,,,
,,,,,,,,,,,,,,,,,,,,,,,
,,,,,,,,,,,,,,,,,,,,,,,
,,,,,,,,,,,,,,,,,,,,,,,
,,,,,,,,,,,,,,,,,,,,,,,
,,,,,,,,,,,,,,,,,,,,,,,
,,,,,,,,,,,,,,,,,,,,,,,
,,,,,,,,,,,,,,,,,,,,,,,
,,,,,,,,,,,,,,,,,,,,,,,
,,,,,,,,,,,,,,,,,,,,,,,
,,,,,,,,,,,,,,,,,,,,,,,
,,,,,,,,,,,,,,,,,,,,,,,
,,,,,,,,,,,,,,,,,,,,,,,
,,,,,,,,,,,,,,,,,,,,,,,
,,,,,,,,,,,,,,,,,,,,,,,
,,,,,,,,,,,,,,,,,,,,,,,
,,,,,,,,,,,,,,,,,,,,,,,
,,,,,,,,,,,,,,,,,,,,,,,
,,,,,,,,,,,,,,,,,,,,,,,
,,,,,,,,,,,,,,,,,,,,,,,
,,,,,,,,,,,,,,,,,,,,,,,
,,,,,,,,,,,,,,,,,,,,,,,
,,,,,,,,,,,,,,,,,,,,,,,
,,,,,,,,,,,,,,,,,,,,,,,
,,,,,,,,,,,,,,,,,,,,,,,
,,,,,,,,,,,,,,,,,,,,,,,
,,,,,,,,,,,,,,,,,,,,,,,
,,,,,,,,,,,,,,,,,,,,,,,
,,,,,,,,,,,,,,,,,,,,,,,
,,,,,,,,,,,,,,,,,,,,,,,
,,,,,,,,,,,,,,,,,,,,,,,
,,,,,,,,,,,,,,,,,,,,,,,
,,,,,,,,,,,,,,,,,,,,,,,
,,,,,,,,,,,,,,,,,,,,,,,
,,,,,,,,,,,,,,,,,,,,,,,
,,,,,,,,,,,,,,,,,,,,,,,
,,,,,,,,,,,,,,,,,,,,,,,
,,,,,,,,,,,,,,,,,,,,,,,
,,,,,,,,,,,,,,,,,,,,,,,
,,,,,,,,,,,,,,,,,,,,,,,
,,,,,,,,,,,,,,,,,,,,,,,
,,,,,,,,,,,,,,,,,,,,,,,
,,,,,,,,,,,,,,,,,,,,,,,
,,,,,,,,,,,,,,,,,,,,,,,
,,,,,,,,,,,,,,,,,,,,,,,
,,,,,,,,,,,,,,,,,,,,,,,
,,,,,,,,,,,,,,,,,,,,,,,
,,,,,,,,,,,,,,,,,,,,,,,
,,,,,,,,,,,,,,,,,,,,,,,
,,,,,,,,,,,,,,,,,,,,,,,
,,,,,,,,,,,,,,,,,,,,,,,
,,,,,,,,,,,,,,,,,,,,,,,
,,,,,,,,,,,,,,,,,,,,,,,
,,,,,,,,,,,,,,,,,,,,,,,
,,,,,,,,,,,,,,,,,,,,,,,
,,,,,,,,,,,,,,,,,,,,,,,
,,,,,,,,,,,,,,,,,,,,,,,
,,,,,,,,,,,,,,,,,,,,,,,
,,,,,,,,,,,,,,,,,,,,,,,
,,,,,,,,,,,,,,,,,,,,,,,
,,,,,,,,,,,,,,,,,,,,,,,
,,,,,,,,,,,,,,,,,,,,,,,
,,,,,,,,,,,,,,,,,,,,,,,
,,,,,,,,,,,,,,,,,,,,,,,
,,,,,,,,,,,,,,,,,,,,,,,
,,,,,,,,,,,,,,,,,,,,,,,
,,,,,,,,,,,,,,,,,,,,,,,
,,,,,,,,,,,,,,,,,,,,,,,
,,,,,,,,,,,,,,,,,,,,,,,
,,,,,,,,,,,,,,,,,,,,,,,
,,,,,,,,,,,,,,,,,,,,,,,
,,,,,,,,,,,,,,,,,,,,,,,
,,,,,,,,,,,,,,,,,,,,,,,
,,,,,,,,,,,,,,,,,,,,,,,
,,,,,,,,,,,,,,,,,,,,,,,
,,,,,,,,,,,,,,,,,,,,,,,
,,,,,,,,,,,,,,,,,,,,,,,
,,,,,,,,,,,,,,,,,,,,,,,
,,,,,,,,,,,,,,,,,,,,,,,
,,,,,,,,,,,,,,,,,,,,,,,
,,,,,,,,,,,,,,,,,,,,,,,
,,,,,,,,,,,,,,,,,,,,,,,
,,,,,,,,,,,,,,,,,,,,,,,
,,,,,,,,,,,,,,,,,,,,,,,
,,,,,,,,,,,,,,,,,,,,,,,
,,,,,,,,,,,,,,,,,,,,,,,
,,,,,,,,,,,,,,,,,,,,,,,
,,,,,,,,,,,,,,,,,,,,,,,
,,,,,,,,,,,,,,,,,,,,,,,
,,,,,,,,,,,,,,,,,,,,,,,
,,,,,,,,,,,,,,,,,,,,,,,
,,,,,,,,,,,,,,,,,,,,,,,
,,,,,,,,,,,,,,,,,,,,,,,
,,,,,,,,,,,,,,,,,,,,,,,
,,,,,,,,,,,,,,,,,,,,,,,
,,,,,,,,,,,,,,,,,,,,,,,
,,,,,,,,,,,,,,,,,,,,,,,
,,,,,,,,,,,,,,,,,,,,,,,
,,,,,,,,,,,,,,,,,,,,,,,
,,,,,,,,,,,,,,,,,,,,,,,
,,,,,,,,,,,,,,,,,,,,,,,
,,,,,,,,,,,,,,,,,,,,,,,
,,,,,,,,,,,,,,,,,,,,,,,
,,,,,,,,,,,,,,,,,,,,,,,
,,,,,,,,,,,,,,,,,,,,,,,
,,,,,,,,,,,,,,,,,,,,,,,
,,,,,,,,,,,,,,,,,,,,,,,
,,,,,,,,,,,,,,,,,,,,,,,
,,,,,,,,,,,,,,,,,,,,,,,
,,,,,,,,,,,,,,,,,,,,,,,
,,,,,,,,,,,,,,,,,,,,,,,
,,,,,,,,,,,,,,,,,,,,,,,
,,,,,,,,,,,,,,,,,,,,,,,
,,,,,,,,,,,,,,,,,,,,,,,
,,,,,,,,,,,,,,,,,,,,,,,
,,,,,,,,,,,,,,,,,,,,,,,
,,,,,,,,,,,,,,,,,,,,,,,
,,,,,,,,,,,,,,,,,,,,,,,
,,,,,,,,,,,,,,,,,,,,,,,
,,,,,,,,,,,,,,,,,,,,,,,
,,,,,,,,,,,,,,,,,,,,,,,
,,,,,,,,,,,,,,,,,,,,,,,
,,,,,,,,,,,,,,,,,,,,,,,
,,,,,,,,,,,,,,,,,,,,,,,
,,,,,,,,,,,,,,,,,,,,,,,
,,,,,,,,,,,,,,,,,,,,,,,
,,,,,,,,,,,,,,,,,,,,,,,
,,,,,,,,,,,,,,,,,,,,,,,
,,,,,,,,,,,,,,,,,,,,,,,
,,,,,,,,,,,,,,,,,,,,,,,
,,,,,,,,,,,,,,,,,,,,,,,
,,,,,,,,,,,,,,,,,,,,,,,
,,,,,,,,,,,,,,,,,,,,,,,
,,,,,,,,,,,,,,,,,,,,,,,
,,,,,,,,,,,,,,,,,,,,,,,
,,,,,,,,,,,,,,,,,,,,,,,
,,,,,,,,,,,,,,,,,,,,,,,
,,,,,,,,,,,,,,,,,,,,,,,
,,,,,,,,,,,,,,,,,,,,,,,
,,,,,,,,,,,,,,,,,,,,,,,
,,,,,,,,,,,,,,,,,,,,,,,
,,,,,,,,,,,,,,,,,,,,,,,
,,,,,,,,,,,,,,,,,,,,,,,
,,,,,,,,,,,,,,,,,,,,,,,
,,,,,,,,,,,,,,,,,,,,,,,
,,,,,,,,,,,,,,,,,,,,,,,
,,,,,,,,,,,,,,,,,,,,,,,
,,,,,,,,,,,,,,,,,,,,,,,
,,,,,,,,,,,,,,,,,,,,,,,
,,,,,,,,,,,,,,,,,,,,,,,
,,,,,,,,,,,,,,,,,,,,,,,
,,,,,,,,,,,,,,,,,,,,,,,
,,,,,,,,,,,,,,,,,,,,,,,
,,,,,,,,,,,,,,,,,,,,,,,
,,,,,,,,,,,,,,,,,,,,,,,
,,,,,,,,,,,,,,,,,,,,,,,
,,,,,,,,,,,,,,,,,,,,,,,
,,,,,,,,,,,,,,,,,,,,,,,
,,,,,,,,,,,,,,,,,,,,,,,
,,,,,,,,,,,,,,,,,,,,,,,
,,,,,,,,,,,,,,,,,,,,,,,
,,,,,,,,,,,,,,,,,,,,,,,
,,,,,,,,,,,,,,,,,,,,,,,
,,,,,,,,,,,,,,,,,,,,,,,
,,,,,,,,,,,,,,,,,,,,,,,
,,,,,,,,,,,,,,,,,,,,,,,
,,,,,,,,,,,,,,,,,,,,,,,
,,,,,,,,,,,,,,,,,,,,,,,
,,,,,,,,,,,,,,,,,,,,,,,
,,,,,,,,,,,,,,,,,,,,,,,
,,,,,,,,,,,,,,,,,,,,,,,
,,,,,,,,,,,,,,,,,,,,,,,
,,,,,,,,,,,,,,,,,,,,,,,
,,,,,,,,,,,,,,,,,,,,,,,
,,,,,,,,,,,,,,,,,,,,,,,
,,,,,,,,,,,,,,,,,,,,,,,
,,,,,,,,,,,,,,,,,,,,,,,
,,,,,,,,,,,,,,,,,,,,,,,
,,,,,,,,,,,,,,,,,,,,,,,
,,,,,,,,,,,,,,,,,,,,,,,
,,,,,,,,,,,,,,,,,,,,,,,
,,,,,,,,,,,,,,,,,,,,,,,
,,,,,,,,,,,,,,,,,,,,,,,
,,,,,,,,,,,,,,,,,,,,,,,
,,,,,,,,,,,,,,,,,,,,,,,
,,,,,,,,,,,,,,,,,,,,,,,
,,,,,,,,,,,,,,,,,,,,,,,
,,,,,,,,,,,,,,,,,,,,,,,
,,,,,,,,,,,,,,,,,,,,,,,
,,,,,,,,,,,,,,,,,,,,,,,
,,,,,,,,,,,,,,,,,,,,,,,
,,,,,,,,,,,,,,,,,,,,,,,
,,,,,,,,,,,,,,,,,,,,,,,
,,,,,,,,,,,,,,,,,,,,,,,
,,,,,,,,,,,,,,,,,,,,,,,
,,,,,,,,,,,,,,,,,,,,,,,
,,,,,,,,,,,,,,,,,,,,,,,
,,,,,,,,,,,,,,,,,,,,,,,
,,,,,,,,,,,,,,,,,,,,,,,
,,,,,,,,,,,,,,,,,,,,,,,
,,,,,,,,,,,,,,,,,,,,,,,
,,,,,,,,,,,,,,,,,,,,,,,
,,,,,,,,,,,,,,,,,,,,,,,
,,,,,,,,,,,,,,,,,,,,,,,
,,,,,,,,,,,,,,,,,,,,,,,
,,,,,,,,,,,,,,,,,,,,,,,
,,,,,,,,,,,,,,,,,,,,,,,
,,,,,,,,,,,,,,,,,,,,,,,
,,,,,,,,,,,,,,,,,,,,,,,
,,,,,,,,,,,,,,,,,,,,,,,
,,,,,,,,,,,,,,,,,,,,,,,
,,,,,,,,,,,,,,,,,,,,,,,
,,,,,,,,,,,,,,,,,,,,,,,
,,,,,,,,,,,,,,,,,,,,,,,
,,,,,,,,,,,,,,,,,,,,,,,
,,,,,,,,,,,,,,,,,,,,,,,
,,,,,,,,,,,,,,,,,,,,,,,
,,,,,,,,,,,,,,,,,,,,,,,
,,,,,,,,,,,,,,,,,,,,,,,
,,,,,,,,,,,,,,,,,,,,,,,
,,,,,,,,,,,,,,,,,,,,,,,
,,,,,,,,,,,,,,,,,,,,,,,
,,,,,,,,,,,,,,,,,,,,,,,
,,,,,,,,,,,,,,,,,,,,,,,
,,,,,,,,,,,,,,,,,,,,,,,
,,,,,,,,,,,,,,,,,,,,,,,
,,,,,,,,,,,,,,,,,,,,,,,
,,,,,,,,,,,,,,,,,,,,,,,
,,,,,,,,,,,,,,,,,,,,,,,
,,,,,,,,,,,,,,,,,,,,,,,
,,,,,,,,,,,,,,,,,,,,,,,
,,,,,,,,,,,,,,,,,,,,,,,
,,,,,,,,,,,,,,,,,,,,,,,
,,,,,,,,,,,,,,,,,,,,,,,
,,,,,,,,,,,,,,,,,,,,,,,
,,,,,,,,,,,,,,,,,,,,,,,
,,,,,,,,,,,,,,,,,,,,,,,
,,,,,,,,,,,,,,,,,,,,,,,
,,,,,,,,,,,,,,,,,,,,,,,
,,,,,,,,,,,,,,,,,,,,,,,
,,,,,,,,,,,,,,,,,,,,,,,
,,,,,,,,,,,,,,,,,,,,,,,
,,,,,,,,,,,,,,,,,,,,,,,
,,,,,,,,,,,,,,,,,,,,,,,
,,,,,,,,,,,,,,,,,,,,,,,
,,,,,,,,,,,,,,,,,,,,,,,
,,,,,,,,,,,,,,,,,,,,,,,
,,,,,,,,,,,,,,,,,,,,,,,
,,,,,,,,,,,,,,,,,,,,,,,
,,,,,,,,,,,,,,,,,,,,,,,
,,,,,,,,,,,,,,,,,,,,,,,
,,,,,,,,,,,,,,,,,,,,,,,
,,,,,,,,,,,,,,,,,,,,,,,
,,,,,,,,,,,,,,,,,,,,,,,
,,,,,,,,,,,,,,,,,,,,,,,
,,,,,,,,,,,,,,,,,,,,,,,
,,,,,,,,,,,,,,,,,,,,,,,
,,,,,,,,,,,,,,,,,,,,,,,
,,,,,,,,,,,,,,,,,,,,,,,
,,,,,,,,,,,,,,,,,,,,,,,
,,,,,,,,,,,,,,,,,,,,,,,
,,,,,,,,,,,,,,,,,,,,,,,
,,,,,,,,,,,,,,,,,,,,,,,
,,,,,,,,,,,,,,,,,,,,,,,
,,,,,,,,,,,,,,,,,,,,,,,
,,,,,,,,,,,,,,,,,,,,,,,
,,,,,,,,,,,,,,,,,,,,,,,
,,,,,,,,,,,,,,,,,,,,,,,
,,,,,,,,,,,,,,,,,,,,,,,
,,,,,,,,,,,,,,,,,,,,,,,
,,,,,,,,,,,,,,,,,,,,,,,
,,,,,,,,,,,,,,,,,,,,,,,
,,,,,,,,,,,,,,,,,,,,,,,
,,,,,,,,,,,,,,,,,,,,,,,
,,,,,,,,,,,,,,,,,,,,,,,
,,,,,,,,,,,,,,,,,,,,,,,
,,,,,,,,,,,,,,,,,,,,,,,
,,,,,,,,,,,,,,,,,,,,,,,
,,,,,,,,,,,,,,,,,,,,,,,
,,,,,,,,,,,,,,,,,,,,,,,
,,,,,,,,,,,,,,,,,,,,,,,
,,,,,,,,,,,,,,,,,,,,,,,
,,,,,,,,,,,,,,,,,,,,,,,
,,,,,,,,,,,,,,,,,,,,,,,
,,,,,,,,,,,,,,,,,,,,,,,
,,,,,,,,,,,,,,,,,,,,,,,
,,,,,,,,,,,,,,,,,,,,,,,
,,,,,,,,,,,,,,,,,,,,,,,
,,,,,,,,,,,,,,,,,,,,,,,
,,,,,,,,,,,,,,,,,,,,,,,
,,,,,,,,,,,,,,,,,,,,,,,
,,,,,,,,,,,,,,,,,,,,,,,
,,,,,,,,,,,,,,,,,,,,,,,
,,,,,,,,,,,,,,,,,,,,,,,
,,,,,,,,,,,,,,,,,,,,,,,
,,,,,,,,,,,,,,,,,,,,,,,
,,,,,,,,,,,,,,,,,,,,,,,
,,,,,,,,,,,,,,,,,,,,,,,
,,,,,,,,,,,,,,,,,,,,,,,
,,,,,,,,,,,,,,,,,,,,,,,
,,,,,,,,,,,,,,,,,,,,,,,
,,,,,,,,,,,,,,,,,,,,,,,
,,,,,,,,,,,,,,,,,,,,,,,
,,,,,,,,,,,,,,,,,,,,,,,
,,,,,,,,,,,,,,,,,,,,,,,
,,,,,,,,,,,,,,,,,,,,,,,
,,,,,,,,,,,,,,,,,,,,,,,
,,,,,,,,,,,,,,,,,,,,,,,
,,,,,,,,,,,,,,,,,,,,,,,
,,,,,,,,,,,,,,,,,,,,,,,
,,,,,,,,,,,,,,,,,,,,,,,
,,,,,,,,,,,,,,,,,,,,,,,
,,,,,,,,,,,,,,,,,,,,,,,
,,,,,,,,,,,,,,,,,,,,,,,
,,,,,,,,,,,,,,,,,,,,,,,
,,,,,,,,,,,,,,,,,,,,,,,
,,,,,,,,,,,,,,,,,,,,,,,
,,,,,,,,,,,,,,,,,,,,,,,
,,,,,,,,,,,,,,,,,,,,,,,
,,,,,,,,,,,,,,,,,,,,,,,
,,,,,,,,,,,,,,,,,,,,,,,
,,,,,,,,,,,,,,,,,,,,,,,
,,,,,,,,,,,,,,,,,,,,,,,
,,,,,,,,,,,,,,,,,,,,,,,
,,,,,,,,,,,,,,,,,,,,,,,
,,,,,,,,,,,,,,,,,,,,,,,
,,,,,,,,,,,,,,,,,,,,,,,
,,,,,,,,,,,,,,,,,,,,,,,
,,,,,,,,,,,,,,,,,,,,,,,
,,,,,,,,,,,,,,,,,,,,,,,
,,,,,,,,,,,,,,,,,,,,,,,
,,,,,,,,,,,,,,,,,,,,,,,
,,,,,,,,,,,,,,,,,,,,,,,
,,,,,,,,,,,,,,,,,,,,,,,
,,,,,,,,,,,,,,,,,,,,,,,
,,,,,,,,,,,,,,,,,,,,,,,
,,,,,,,,,,,,,,,,,,,,,,,
,,,,,,,,,,,,,,,,,,,,,,,
,,,,,,,,,,,,,,,,,,,,,,,
,,,,,,,,,,,,,,,,,,,,,,,
,,,,,,,,,,,,,,,,,,,,,,,
,,,,,,,,,,,,,,,,,,,,,,,
,,,,,,,,,,,,,,,,,,,,,,,
,,,,,,,,,,,,,,,,,,,,,,,
,,,,,,,,,,,,,,,,,,,,,,,
,,,,,,,,,,,,,,,,,,,,,,,
,,,,,,,,,,,,,,,,,,,,,,,
,,,,,,,,,,,,,,,,,,,,,,,
,,,,,,,,,,,,,,,,,,,,,,,
,,,,,,,,,,,,,,,,,,,,,,,
,,,,,,,,,,,,,,,,,,,,,,,
,,,,,,,,,,,,,,,,,,,,,,,
,,,,,,,,,,,,,,,,,,,,,,,
,,,,,,,,,,,,,,,,,,,,,,,
,,,,,,,,,,,,,,,,,,,,,,,
,,,,,,,,,,,,,,,,,,,,,,,
,,,,,,,,,,,,,,,,,,,,,,,
,,,,,,,,,,,,,,,,,,,,,,,
,,,,,,,,,,,,,,,,,,,,,,,
,,,,,,,,,,,,,,,,,,,,,,,
,,,,,,,,,,,,,,,,,,,,,,,
,,,,,,,,,,,,,,,,,,,,,,,
,,,,,,,,,,,,,,,,,,,,,,,
,,,,,,,,,,,,,,,,,,,,,,,
,,,,,,,,,,,,,,,,,,,,,,,
,,,,,,,,,,,,,,,,,,,,,,,
,,,,,,,,,,,,,,,,,,,,,,,
,,,,,,,,,,,,,,,,,,,,,,,
,,,,,,,,,,,,,,,,,,,,,,,
,,,,,,,,,,,,,,,,,,,,,,,
,,,,,,,,,,,,,,,,,,,,,,,
,,,,,,,,,,,,,,,,,,,,,,,
,,,,,,,,,,,,,,,,,,,,,,,
,,,,,,,,,,,,,,,,,,,,,,,
,,,,,,,,,,,,,,,,,,,,,,,
,,,,,,,,,,,,,,,,,,,,,,,
,,,,,,,,,,,,,,,,,,,,,,,
,,,,,,,,,,,,,,,,,,,,,,,
,,,,,,,,,,,,,,,,,,,,,,,
,,,,,,,,,,,,,,,,,,,,,,,
,,,,,,,,,,,,,,,,,,,,,,,
,,,,,,,,,,,,,,,,,,,,,,,
,,,,,,,,,,,,,,,,,,,,,,,
,,,,,,,,,,,,,,,,,,,,,,,
,,,,,,,,,,,,,,,,,,,,,,,
,,,,,,,,,,,,,,,,,,,,,,,
,,,,,,,,,,,,,,,,,,,,,,,
,,,,,,,,,,,,,,,,,,,,,,,
,,,,,,,,,,,,,,,,,,,,,,,
,,,,,,,,,,,,,,,,,,,,,,,
,,,,,,,,,,,,,,,,,,,,,,,
,,,,,,,,,,,,,,,,,,,,,,,
,,,,,,,,,,,,,,,,,,,,,,,
,,,,,,,,,,,,,,,,,,,,,,,
,,,,,,,,,,,,,,,,,,,,,,,
,,,,,,,,,,,,,,,,,,,,,,,
,,,,,,,,,,,,,,,,,,,,,,,
,,,,,,,,,,,,,,,,,,,,,,,
,,,,,,,,,,,,,,,,,,,,,,,
,,,,,,,,,,,,,,,,,,,,,,,
,,,,,,,,,,,,,,,,,,,,,,,
,,,,,,,,,,,,,,,,,,,,,,,
,,,,,,,,,,,,,,,,,,,,,,,
,,,,,,,,,,,,,,,,,,,,,,,
,,,,,,,,,,,,,,,,,,,,,,,
,,,,,,,,,,,,,,,,,,,,,,,
,,,,,,,,,,,,,,,,,,,,,,,
,,,,,,,,,,,,,,,,,,,,,,,
,,,,,,,,,,,,,,,,,,,,,,,
,,,,,,,,,,,,,,,,,,,,,,,
,,,,,,,,,,,,,,,,,,,,,,,
,,,,,,,,,,,,,,,,,,,,,,,
,,,,,,,,,,,,,,,,,,,,,,,
,,,,,,,,,,,,,,,,,,,,,,,
,,,,,,,,,,,,,,,,,,,,,,,
,,,,,,,,,,,,,,,,,,,,,,,
,,,,,,,,,,,,,,,,,,,,,,,
,,,,,,,,,,,,,,,,,,,,,,,
,,,,,,,,,,,,,,,,,,,,,,,
,,,,,,,,,,,,,,,,,,,,,,,
,,,,,,,,,,,,,,,,,,,,,,,
,,,,,,,,,,,,,,,,,,,,,,,
,,,,,,,,,,,,,,,,,,,,,,,
,,,,,,,,,,,,,,,,,,,,,,,
,,,,,,,,,,,,,,,,,,,,,,,
,,,,,,,,,,,,,,,,,,,,,,,
,,,,,,,,,,,,,,,,,,,,,,,
,,,,,,,,,,,,,,,,,,,,,,,
,,,,,,,,,,,,,,,,,,,,,,,
,,,,,,,,,,,,,,,,,,,,,,,
,,,,,,,,,,,,,,,,,,,,,,,
,,,,,,,,,,,,,,,,,,,,,,,
,,,,,,,,,,,,,,,,,,,,,,,
,,,,,,,,,,,,,,,,,,,,,,,
,,,,,,,,,,,,,,,,,,,,,,,
,,,,,,,,,,,,,,,,,,,,,,,
,,,,,,,,,,,,,,,,,,,,,,,
,,,,,,,,,,,,,,,,,,,,,,,
,,,,,,,,,,,,,,,,,,,,,,,
,,,,,,,,,,,,,,,,,,,,,,,
,,,,,,,,,,,,,,,,,,,,,,,
,,,,,,,,,,,,,,,,,,,,,,,
,,,,,,,,,,,,,,,,,,,,,,,
,,,,,,,,,,,,,,,,,,,,,,,
,,,,,,,,,,,,,,,,,,,,,,,
,,,,,,,,,,,,,,,,,,,,,,,
,,,,,,,,,,,,,,,,,,,,,,,
,,,,,,,,,,,,,,,,,,,,,,,
,,,,,,,,,,,,,,,,,,,,,,,
,,,,,,,,,,,,,,,,,,,,,,,
,,,,,,,,,,,,,,,,,,,,,,,
,,,,,,,,,,,,,,,,,,,,,,,
,,,,,,,,,,,,,,,,,,,,,,,
,,,,,,,,,,,,,,,,,,,,,,,
,,,,,,,,,,,,,,,,,,,,,,,
,,,,,,,,,,,,,,,,,,,,,,,
,,,,,,,,,,,,,,,,,,,,,,,
,,,,,,,,,,,,,,,,,,,,,,,
,,,,,,,,,,,,,,,,,,,,,,,
,,,,,,,,,,,,,,,,,,,,,,,
,,,,,,,,,,,,,,,,,,,,,,,
,,,,,,,,,,,,,,,,,,,,,,,
,,,,,,,,,,,,,,,,,,,,,,,
,,,,,,,,,,,,,,,,,,,,,,,
,,,,,,,,,,,,,,,,,,,,,,,
,,,,,,,,,,,,,,,,,,,,,,,
,,,,,,,,,,,,,,,,,,,,,,,
,,,,,,,,,,,,,,,,,,,,,,,
,,,,,,,,,,,,,,,,,,,,,,,
,,,,,,,,,,,,,,,,,,,,,,,
,,,,,,,,,,,,,,,,,,,,,,,
,,,,,,,,,,,,,,,,,,,,,,,
,,,,,,,,,,,,,,,,,,,,,,,
,,,,,,,,,,,,,,,,,,,,,,,
,,,,,,,,,,,,,,,,,,,,,,,
,,,,,,,,,,,,,,,,,,,,,,,
,,,,,,,,,,,,,,,,,,,,,,,
,,,,,,,,,,,,,,,,,,,,,,,
,,,,,,,,,,,,,,,,,,,,,,,
,,,,,,,,,,,,,,,,,,,,,,,
,,,,,,,,,,,,,,,,,,,,,,,
,,,,,,,,,,,,,,,,,,,,,,,
,,,,,,,,,,,,,,,,,,,,,,,
,,,,,,,,,,,,,,,,,,,,,,,
,,,,,,,,,,,,,,,,,,,,,,,
,,,,,,,,,,,,,,,,,,,,,,,
,,,,,,,,,,,,,,,,,,,,,,,
,,,,,,,,,,,,,,,,,,,,,,,
,,,,,,,,,,,,,,,,,,,,,,,
,,,,,,,,,,,,,,,,,,,,,,,
,,,,,,,,,,,,,,,,,,,,,,,
,,,,,,,,,,,,,,,,,,,,,,,
,,,,,,,,,,,,,,,,,,,,,,,
,,,,,,,,,,,,,,,,,,,,,,,
,,,,,,,,,,,,,,,,,,,,,,,
,,,,,,,,,,,,,,,,,,,,,,,
,,,,,,,,,,,,,,,,,,,,,,,
,,,,,,,,,,,,,,,,,,,,,,,
,,,,,,,,,,,,,,,,,,,,,,,
,,,,,,,,,,,,,,,,,,,,,,,
,,,,,,,,,,,,,,,,,,,,,,,
,,,,,,,,,,,,,,,,,,,,,,,
,,,,,,,,,,,,,,,,,,,,,,,
,,,,,,,,,,,,,,,,,,,,,,,
,,,,,,,,,,,,,,,,,,,,,,,
,,,,,,,,,,,,,,,,,,,,,,,
,,,,,,,,,,,,,,,,,,,,,,,
,,,,,,,,,,,,,,,,,,,,,,,
,,,,,,,,,,,,,,,,,,,,,,,
,,,,,,,,,,,,,,,,,,,,,,,
,,,,,,,,,,,,,,,,,,,,,,,
,,,,,,,,,,,,,,,,,,,,,,,
,,,,,,,,,,,,,,,,,,,,,,,
,,,,,,,,,,,,,,,,,,,,,,,
,,,,,,,,,,,,,,,,,,,,,,,
,,,,,,,,,,,,,,,,,,,,,,,
,,,,,,,,,,,,,,,,,,,,,,,
,,,,,,,,,,,,,,,,,,,,,,,
,,,,,,,,,,,,,,,,,,,,,,,
,,,,,,,,,,,,,,,,,,,,,,,
,,,,,,,,,,,,,,,,,,,,,,,
,,,,,,,,,,,,,,,,,,,,,,,
,,,,,,,,,,,,,,,,,,,,,,,
,,,,,,,,,,,,,,,,,,,,,,,
,,,,,,,,,,,,,,,,,,,,,,,
,,,,,,,,,,,,,,,,,,,,,,,
,,,,,,,,,,,,,,,,,,,,,,,
,,,,,,,,,,,,,,,,,,,,,,,
,,,,,,,,,,,,,,,,,,,,,,,
,,,,,,,,,,,,,,,,,,,,,,,
,,,,,,,,,,,,,,,,,,,,,,,
,,,,,,,,,,,,,,,,,,,,,,,
,,,,,,,,,,,,,,,,,,,,,,,
,,,,,,,,,,,,,,,,,,,,,,,
,,,,,,,,,,,,,,,,,,,,,,,
,,,,,,,,,,,,,,,,,,,,,,,
,,,,,,,,,,,,,,,,,,,,,,,
,,,,,,,,,,,,,,,,,,,,,,,
,,,,,,,,,,,,,,,,,,,,,,,
,,,,,,,,,,,,,,,,,,,,,,,
,,,,,,,,,,,,,,,,,,,,,,,
,,,,,,,,,,,,,,,,,,,,,,,
,,,,,,,,,,,,,,,,,,,,,,,
,,,,,,,,,,,,,,,,,,,,,,,
,,,,,,,,,,,,,,,,,,,,,,,
,,,,,,,,,,,,,,,,,,,,,,,
,,,,,,,,,,,,,,,,,,,,,,,
,,,,,,,,,,,,,,,,,,,,,,,
,,,,,,,,,,,,,,,,,,,,,,,
,,,,,,,,,,,,,,,,,,,,,,,
,,,,,,,,,,,,,,,,,,,,,,,
,,,,,,,,,,,,,,,,,,,,,,,
,,,,,,,,,,,,,,,,,,,,,,,
,,,,,,,,,,,,,,,,,,,,,,,
,,,,,,,,,,,,,,,,,,,,,,,
,,,,,,,,,,,,,,,,,,,,,,,
,,,,,,,,,,,,,,,,,,,,,,,
,,,,,,,,,,,,,,,,,,,,,,,
,,,,,,,,,,,,,,,,,,,,,,,
,,,,,,,,,,,,,,,,,,,,,,,
,,,,,,,,,,,,,,,,,,,,,,,
,,,,,,,,,,,,,,,,,,,,,,,
,,,,,,,,,,,,,,,,,,,,,,,
,,,,,,,,,,,,,,,,,,,,,,,
,,,,,,,,,,,,,,,,,,,,,,,
,,,,,,,,,,,,,,,,,,,,,,,
,,,,,,,,,,,,,,,,,,,,,,,
,,,,,,,,,,,,,,,,,,,,,,,
,,,,,,,,,,,,,,,,,,,,,,,
,,,,,,,,,,,,,,,,,,,,,,,
,,,,,,,,,,,,,,,,,,,,,,,
,,,,,,,,,,,,,,,,,,,,,,,
,,,,,,,,,,,,,,,,,,,,,,,
,,,,,,,,,,,,,,,,,,,,,,,
,,,,,,,,,,,,,,,,,,,,,,,
,,,,,,,,,,,,,,,,,,,,,,,
,,,,,,,,,,,,,,,,,,,,,,,
,,,,,,,,,,,,,,,,,,,,,,,
,,,,,,,,,,,,,,,,,,,,,,,
,,,,,,,,,,,,,,,,,,,,,,,
,,,,,,,,,,,,,,,,,,,,,,,
,,,,,,,,,,,,,,,,,,,,,,,
,,,,,,,,,,,,,,,,,,,,,,,
,,,,,,,,,,,,,,,,,,,,,,,
,,,,,,,,,,,,,,,,,,,,,,,
,,,,,,,,,,,,,,,,,,,,,,,
,,,,,,,,,,,,,,,,,,,,,,,
,,,,,,,,,,,,,,,,,,,,,,,
,,,,,,,,,,,,,,,,,,,,,,,
,,,,,,,,,,,,,,,,,,,,,,,
,,,,,,,,,,,,,,,,,,,,,,,
,,,,,,,,,,,,,,,,,,,,,,,
,,,,,,,,,,,,,,,,,,,,,,,
,,,,,,,,,,,,,,,,,,,,,,,
,,,,,,,,,,,,,,,,,,,,,,,
,,,,,,,,,,,,,,,,,,,,,,,
,,,,,,,,,,,,,,,,,,,,,,,
,,,,,,,,,,,,,,,,,,,,,,,
,,,,,,,,,,,,,,,,,,,,,,,
,,,,,,,,,,,,,,,,,,,,,,,
,,,,,,,,,,,,,,,,,,,,,,,
,,,,,,,,,,,,,,,,,,,,,,,
,,,,,,,,,,,,,,,,,,,,,,,
,,,,,,,,,,,,,,,,,,,,,,,
,,,,,,,,,,,,,,,,,,,,,,,
,,,,,,,,,,,,,,,,,,,,,,,
,,,,,,,,,,,,,,,,,,,,,,,
,,,,,,,,,,,,,,,,,,,,,,,
,,,,,,,,,,,,,,,,,,,,,,,
,,,,,,,,,,,,,,,,,,,,,,,
,,,,,,,,,,,,,,,,,,,,,,,
,,,,,,,,,,,,,,,,,,,,,,,
,,,,,,,,,,,,,,,,,,,,,,,
,,,,,,,,,,,,,,,,,,,,,,,
,,,,,,,,,,,,,,,,,,,,,,,
,,,,,,,,,,,,,,,,,,,,,,,
,,,,,,,,,,,,,,,,,,,,,,,
,,,,,,,,,,,,,,,,,,,,,,,
,,,,,,,,,,,,,,,,,,,,,,,
,,,,,,,,,,,,,,,,,,,,,,,
,,,,,,,,,,,,,,,,,,,,,,,
,,,,,,,,,,,,,,,,,,,,,,,
,,,,,,,,,,,,,,,,,,,,,,,
,,,,,,,,,,,,,,,,,,,,,,,
,,,,,,,,,,,,,,,,,,,,,,,
,,,,,,,,,,,,,,,,,,,,,,,
,,,,,,,,,,,,,,,,,,,,,,,
,,,,,,,,,,,,,,,,,,,,,,,
,,,,,,,,,,,,,,,,,,,,,,,
,,,,,,,,,,,,,,,,,,,,,,,
,,,,,,,,,,,,,,,,,,,,,,,
,,,,,,,,,,,,,,,,,,,,,,,
,,,,,,,,,,,,,,,,,,,,,,,
,,,,,,,,,,,,,,,,,,,,,,,
,,,,,,,,,,,,,,,,,,,,,,,
,,,,,,,,,,,,,,,,,,,,,,,
,,,,,,,,,,,,,,,,,,,,,,,
,,,,,,,,,,,,,,,,,,,,,,,
,,,,,,,,,,,,,,,,,,,,,,,
,,,,,,,,,,,,,,,,,,,,,,,
,,,,,,,,,,,,,,,,,,,,,,,
,,,,,,,,,,,,,,,,,,,,,,,
,,,,,,,,,,,,,,,,,,,,,,,
,,,,,,,,,,,,,,,,,,,,,,,
,,,,,,,,,,,,,,,,,,,,,,,
,,,,,,,,,,,,,,,,,,,,,,,
,,,,,,,,,,,,,,,,,,,,,,,
,,,,,,,,,,,,,,,,,,,,,,,
,,,,,,,,,,,,,,,,,,,,,,,
,,,,,,,,,,,,,,,,,,,,,,,
,,,,,,,,,,,,,,,,,,,,,,,
,,,,,,,,,,,,,,,,,,,,,,,
,,,,,,,,,,,,,,,,,,,,,,,
,,,,,,,,,,,,,,,,,,,,,,,
,,,,,,,,,,,,,,,,,,,,,,,
,,,,,,,,,,,,,,,,,,,,,,,
,,,,,,,,,,,,,,,,,,,,,,,
,,,,,,,,,,,,,,,,,,,,,,,
,,,,,,,,,,,,,,,,,,,,,,,
,,,,,,,,,,,,,,,,,,,,,,,
,,,,,,,,,,,,,,,,,,,,,,,
,,,,,,,,,,,,,,,,,,,,,,,
,,,,,,,,,,,,,,,,,,,,,,,
,,,,,,,,,,,,,,,,,,,,,,,
,,,,,,,,,,,,,,,,,,,,,,,
,,,,,,,,,,,,,,,,,,,,,,,
,,,,,,,,,,,,,,,,,,,,,,,
,,,,,,,,,,,,,,,,,,,,,,,
,,,,,,,,,,,,,,,,,,,,,,,
,,,,,,,,,,,,,,,,,,,,,,,
,,,,,,,,,,,,,,,,,,,,,,,
,,,,,,,,,,,,,,,,,,,,,,,
,,,,,,,,,,,,,,,,,,,,,,,
,,,,,,,,,,,,,,,,,,,,,,,
,,,,,,,,,,,,,,,,,,,,,,,
,,,,,,,,,,,,,,,,,,,,,,,
,,,,,,,,,,,,,,,,,,,,,,,
,,,,,,,,,,,,,,,,,,,,,,,
,,,,,,,,,,,,,,,,,,,,,,,
,,,,,,,,,,,,,,,,,,,,,,,
,,,,,,,,,,,,,,,,,,,,,,,
,,,,,,,,,,,,,,,,,,,,,,,
,,,,,,,,,,,,,,,,,,,,,,,
,,,,,,,,,,,,,,,,,,,,,,,
,,,,,,,,,,,,,,,,,,,,,,,
,,,,,,,,,,,,,,,,,,,,,,,
,,,,,,,,,,,,,,,,,,,,,,,
,,,,,,,,,,,,,,,,,,,,,,,
,,,,,,,,,,,,,,,,,,,,,,,
,,,,,,,,,,,,,,,,,,,,,,,
,,,,,,,,,,,,,,,,,,,,,,,
,,,,,,,,,,,,,,,,,,,,,,,
,,,,,,,,,,,,,,,,,,,,,,,
,,,,,,,,,,,,,,,,,,,,,,,
,,,,,,,,,,,,,,,,,,,,,,,
,,,,,,,,,,,,,,,,,,,,,,,
,,,,,,,,,,,,,,,,,,,,,,,
,,,,,,,,,,,,,,,,,,,,,,,
,,,,,,,,,,,,,,,,,,,,,,,
,,,,,,,,,,,,,,,,,,,,,,,
,,,,,,,,,,,,,,,,,,,,,,,
,,,,,,,,,,,,,,,,,,,,,,,
,,,,,,,,,,,,,,,,,,,,,,,
,,,,,,,,,,,,,,,,,,,,,,,
,,,,,,,,,,,,,,,,,,,,,,,
,,,,,,,,,,,,,,,,,,,,,,,
,,,,,,,,,,,,,,,,,,,,,,,
,,,,,,,,,,,,,,,,,,,,,,,
,,,,,,,,,,,,,,,,,,,,,,,
,,,,,,,,,,,,,,,,,,,,,,,
,,,,,,,,,,,,,,,,,,,,,,,
,,,,,,,,,,,,,,,,,,,,,,,
,,,,,,,,,,,,,,,,,,,,,,,
,,,,,,,,,,,,,,,,,,,,,,,
,,,,,,,,,,,,,,,,,,,,,,,
,,,,,,,,,,,,,,,,,,,,,,,
,,,,,,,,,,,,,,,,,,,,,,,
,,,,,,,,,,,,,,,,,,,,,,,
,,,,,,,,,,,,,,,,,,,,,,,
,,,,,,,,,,,,,,,,,,,,,,,
,,,,,,,,,,,,,,,,,,,,,,,
,,,,,,,,,,,,,,,,,,,,,,,
,,,,,,,,,,,,,,,,,,,,,,,
,,,,,,,,,,,,,,,,,,,,,,,
,,,,,,,,,,,,,,,,,,,,,,,
,,,,,,,,,,,,,,,,,,,,,,,
,,,,,,,,,,,,,,,,,,,,,,,
,,,,,,,,,,,,,,,,,,,,,,,
,,,,,,,,,,,,,,,,,,,,,,,
,,,,,,,,,,,,,,,,,,,,,,,
,,,,,,,,,,,,,,,,,,,,,,,
,,,,,,,,,,,,,,,,,,,,,,,
,,,,,,,,,,,,,,,,,,,,,,,
,,,,,,,,,,,,,,,,,,,,,,,
,,,,,,,,,,,,,,,,,,,,,,,
,,,,,,,,,,,,,,,,,,,,,,,
,,,,,,,,,,,,,,,,,,,,,,,
,,,,,,,,,,,,,,,,,,,,,,,
,,,,,,,,,,,,,,,,,,,,,,,
,,,,,,,,,,,,,,,,,,,,,,,
,,,,,,,,,,,,,,,,,,,,,,,
,,,,,,,,,,,,,,,,,,,,,,,
,,,,,,,,,,,,,,,,,,,,,,,
,,,,,,,,,,,,,,,,,,,,,,,
,,,,,,,,,,,,,,,,,,,,,,,
,,,,,,,,,,,,,,,,,,,,,,,
,,,,,,,,,,,,,,,,,,,,,,,
,,,,,,,,,,,,,,,,,,,,,,,
,,,,,,,,,,,,,,,,,,,,,,,
,,,,,,,,,,,,,,,,,,,,,,,
,,,,,,,,,,,,,,,,,,,,,,,
,,,,,,,,,,,,,,,,,,,,,,,
,,,,,,,,,,,,,,,,,,,,,,,
,,,,,,,,,,,,,,,,,,,,,,,
,,,,,,,,,,,,,,,,,,,,,,,
,,,,,,,,,,,,,,,,,,,,,,,
,,,,,,,,,,,,,,,,,,,,,,,
,,,,,,,,,,,,,,,,,,,,,,,
,,,,,,,,,,,,,,,,,,,,,,,
,,,,,,,,,,,,,,,,,,,,,,,
,,,,,,,,,,,,,,,,,,,,,,,
,,,,,,,,,,,,,,,,,,,,,,,
,,,,,,,,,,,,,,,,,,,,,,,
,,,,,,,,,,,,,,,,,,,,,,,
,,,,,,,,,,,,,,,,,,,,,,,
,,,,,,,,,,,,,,,,,,,,,,,
,,,,,,,,,,,,,,,,,,,,,,,
,,,,,,,,,,,,,,,,,,,,,,,
,,,,,,,,,,,,,,,,,,,,,,,
,,,,,,,,,,,,,,,,,,,,,,,
,,,,,,,,,,,,,,,,,,,,,,,
,,,,,,,,,,,,,,,,,,,,,,,
,,,,,,,,,,,,,,,,,,,,,,,
,,,,,,,,,,,,,,,,,,,,,,,
,,,,,,,,,,,,,,,,,,,,,,,
,,,,,,,,,,,,,,,,,,,,,,,
,,,,,,,,,,,,,,,,,,,,,,,
,,,,,,,,,,,,,,,,,,,,,,,
,,,,,,,,,,,,,,,,,,,,,,,
,,,,,,,,,,,,,,,,,,,,,,,
,,,,,,,,,,,,,,,,,,,,,,,
,,,,,,,,,,,,,,,,,,,,,,,
,,,,,,,,,,,,,,,,,,,,,,,
,,,,,,,,,,,,,,,,,,,,,,,
,,,,,,,,,,,,,,,,,,,,,,,
,,,,,,,,,,,,,,,,,,,,,,,
,,,,,,,,,,,,,,,,,,,,,,,
,,,,,,,,,,,,,,,,,,,,,,,
,,,,,,,,,,,,,,,,,,,,,,,
,,,,,,,,,,,,,,,,,,,,,,,
,,,,,,,,,,,,,,,,,,,,,,,
,,,,,,,,,,,,,,,,,,,,,,,
,,,,,,,,,,,,,,,,,,,,,,,
,,,,,,,,,,,,,,,,,,,,,,,
,,,,,,,,,,,,,,,,,,,,,,,
,,,,,,,,,,,,,,,,,,,,,,,
,,,,,,,,,,,,,,,,,,,,,,,
,,,,,,,,,,,,,,,,,,,,,,,
,,,,,,,,,,,,,,,,,,,,,,,
,,,,,,,,,,,,,,,,,,,,,,,
,,,,,,,,,,,,,,,,,,,,,,,
,,,,,,,,,,,,,,,,,,,,,,,
,,,,,,,,,,,,,,,,,,,,,,,
,,,,,,,,,,,,,,,,,,,,,,,
,,,,,,,,,,,,,,,,,,,,,,,
,,,,,,,,,,,,,,,,,,,,,,,
,,,,,,,,,,,,,,,,,,,,,,,
,,,,,,,,,,,,,,,,,,,,,,,
,,,,,,,,,,,,,,,,,,,,,,,
,,,,,,,,,,,,,,,,,,,,,,,
,,,,,,,,,,,,,,,,,,,,,,,
,,,,,,,,,,,,,,,,,,,,,,,
,,,,,,,,,,,,,,,,,,,,,,,
,,,,,,,,,,,,,,,,,,,,,,,
,,,,,,,,,,,,,,,,,,,,,,,
,,,,,,,,,,,,,,,,,,,,,,,
,,,,,,,,,,,,,,,,,,,,,,,
,,,,,,,,,,,,,,,,,,,,,,,
,,,,,,,,,,,,,,,,,,,,,,,
,,,,,,,,,,,,,,,,,,,,,,,
,,,,,,,,,,,,,,,,,,,,,,,
,,,,,,,,,,,,,,,,,,,,,,,
,,,,,,,,,,,,,,,,,,,,,,,
,,,,,,,,,,,,,,,,,,,,,,,
,,,,,,,,,,,,,,,,,,,,,,,
,,,,,,,,,,,,,,,,,,,,,,,
,,,,,,,,,,,,,,,,,,,,,,,
,,,,,,,,,,,,,,,,,,,,,,,
,,,,,,,,,,,,,,,,,,,,,,,
,,,,,,,,,,,,,,,,,,,,,,,
,,,,,,,,,,,,,,,,,,,,,,,
,,,,,,,,,,,,,,,,,,,,,,,
,,,,,,,,,,,,,,,,,,,,,,,
,,,,,,,,,,,,,,,,,,,,,,,
,,,,,,,,,,,,,,,,,,,,,,,
,,,,,,,,,,,,,,,,,,,,,,,
,,,,,,,,,,,,,,,,,,,,,,,
,,,,,,,,,,,,,,,,,,,,,,,
,,,,,,,,,,,,,,,,,,,,,,,
,,,,,,,,,,,,,,,,,,,,,,,
,,,,,,,,,,,,,,,,,,,,,,,
,,,,,,,,,,,,,,,,,,,,,,,
,,,,,,,,,,,,,,,,,,,,,,,
,,,,,,,,,,,,,,,,,,,,,,,
,,,,,,,,,,,,,,,,,,,,,,,
,,,,,,,,,,,,,,,,,,,,,,,
,,,,,,,,,,,,,,,,,,,,,,,
,,,,,,,,,,,,,,,,,,,,,,,
,,,,,,,,,,,,,,,,,,,,,,,
,,,,,,,,,,,,,,,,,,,,,,,
,,,,,,,,,,,,,,,,,,,,,,,
,,,,,,,,,,,,,,,,,,,,,,,
,,,,,,,,,,,,,,,,,,,,,,,
,,,,,,,,,,,,,,,,,,,,,,,
,,,,,,,,,,,,,,,,,,,,,,,
,,,,,,,,,,,,,,,,,,,,,,,
,,,,,,,,,,,,,,,,,,,,,,,
,,,,,,,,,,,,,,,,,,,,,,,
,,,,,,,,,,,,,,,,,,,,,,,
,,,,,,,,,,,,,,,,,,,,,,,
,,,,,,,,,,,,,,,,,,,,,,,
,,,,,,,,,,,,,,,,,,,,,,,
,,,,,,,,,,,,,,,,,,,,,,,
,,,,,,,,,,,,,,,,,,,,,,,
,,,,,,,,,,,,,,,,,,,,,,,
,,,,,,,,,,,,,,,,,,,,,,,
,,,,,,,,,,,,,,,,,,,,,,,
,,,,,,,,,,,,,,,,,,,,,,,
,,,,,,,,,,,,,,,,,,,,,,,
,,,,,,,,,,,,,,,,,,,,,,,
,,,,,,,,,,,,,,,,,,,,,,,
,,,,,,,,,,,,,,,,,,,,,,,
,,,,,,,,,,,,,,,,,,,,,,,
,,,,,,,,,,,,,,,,,,,,,,,
,,,,,,,,,,,,,,,,,,,,,,,
,,,,,,,,,,,,,,,,,,,,,,,
,,,,,,,,,,,,,,,,,,,,,,,
,,,,,,,,,,,,,,,,,,,,,,,
,,,,,,,,,,,,,,,,,,,,,,,
,,,,,,,,,,,,,,,,,,,,,,,
,,,,,,,,,,,,,,,,,,,,,,,
,,,,,,,,,,,,,,,,,,,,,,,
,,,,,,,,,,,,,,,,,,,,,,,
,,,,,,,,,,,,,,,,,,,,,,,
,,,,,,,,,,,,,,,,,,,,,,,
,,,,,,,,,,,,,,,,,,,,,,,
,,,,,,,,,,,,,,,,,,,,,,,
,,,,,,,,,,,,,,,,,,,,,,,
,,,,,,,,,,,,,,,,,,,,,,,
,,,,,,,,,,,,,,,,,,,,,,,
,,,,,,,,,,,,,,,,,,,,,,,
,,,,,,,,,,,,,,,,,,,,,,,
,,,,,,,,,,,,,,,,,,,,,,,
,,,,,,,,,,,,,,,,,,,,,,,
,,,,,,,,,,,,,,,,,,,,,,,
,,,,,,,,,,,,,,,,,,,,,,,
,,,,,,,,,,,,,,,,,,,,,,,
,,,,,,,,,,,,,,,,,,,,,,,
,,,,,,,,,,,,,,,,,,,,,,,
,,,,,,,,,,,,,,,,,,,,,,,
,,,,,,,,,,,,,,,,,,,,,,,
,,,,,,,,,,,,,,,,,,,,,,,
,,,,,,,,,,,,,,,,,,,,,,,
,,,,,,,,,,,,,,,,,,,,,,,
,,,,,,,,,,,,,,,,,,,,,,,
,,,,,,,,,,,,,,,,,,,,,,,
,,,,,,,,,,,,,,,,,,,,,,,
,,,,,,,,,,,,,,,,,,,,,,,
,,,,,,,,,,,,,,,,,,,,,,,
,,,,,,,,,,,,,,,,,,,,,,,
,,,,,,,,,,,,,,,,,,,,,,,
,,,,,,,,,,,,,,,,,,,,,,,
,,,,,,,,,,,,,,,,,,,,,,,
,,,,,,,,,,,,,,,,,,,,,,,
,,,,,,,,,,,,,,,,,,,,,,,
,,,,,,,,,,,,,,,,,,,,,,,
,,,,,,,,,,,,,,,,,,,,,,,
,,,,,,,,,,,,,,,,,,,,,,,
,,,,,,,,,,,,,,,,,,,,,,,
,,,,,,,,,,,,,,,,,,,,,,,
,,,,,,,,,,,,,,,,,,,,,,,
,,,,,,,,,,,,,,,,,,,,,,,
,,,,,,,,,,,,,,,,,,,,,,,
,,,,,,,,,,,,,,,,,,,,,,,
,,,,,,,,,,,,,,,,,,,,,,,
,,,,,,,,,,,,,,,,,,,,,,,
,,,,,,,,,,,,,,,,,,,,,,,
,,,,,,,,,,,,,,,,,,,,,,,
,,,,,,,,,,,,,,,,,,,,,,,
,,,,,,,,,,,,,,,,,,,,,,,
,,,,,,,,,,,,,,,,,,,,,,,
,,,,,,,,,,,,,,,,,,,,,,,
,,,,,,,,,,,,,,,,,,,,,,,
,,,,,,,,,,,,,,,,,,,,,,,
,,,,,,,,,,,,,,,,,,,,,,,
,,,,,,,,,,,,,,,,,,,,,,,
,,,,,,,,,,,,,,,,,,,,,,,
,,,,,,,,,,,,,,,,,,,,,,,
,,,,,,,,,,,,,,,,,,,,,,,
,,,,,,,,,,,,,,,,,,,,,,,
,,,,,,,,,,,,,,,,,,,,,,,
,,,,,,,,,,,,,,,,,,,,,,,
,,,,,,,,,,,,,,,,,,,,,,,
,,,,,,,,,,,,,,,,,,,,,,,
,,,,,,,,,,,,,,,,,,,,,,,
,,,,,,,,,,,,,,,,,,,,,,,
,,,,,,,,,,,,,,,,,,,,,,,
,,,,,,,,,,,,,,,,,,,,,,,
,,,,,,,,,,,,,,,,,,,,,,,
,,,,,,,,,,,,,,,,,,,,,,,
,,,,,,,,,,,,,,,,,,,,,,,
,,,,,,,,,,,,,,,,,,,,,,,
,,,,,,,,,,,,,,,,,,,,,,,
,,,,,,,,,,,,,,,,,,,,,,,
,,,,,,,,,,,,,,,,,,,,,,,
,,,,,,,,,,,,,,,,,,,,,,,
,,,,,,,,,,,,,,,,,,,,,,,
,,,,,,,,,,,,,,,,,,,,,,,
,,,,,,,,,,,,,,,,,,,,,,,
,,,,,,,,,,,,,,,,,,,,,,,
,,,,,,,,,,,,,,,,,,,,,,,
,,,,,,,,,,,,,,,,,,,,,,,
,,,,,,,,,,,,,,,,,,,,,,,
,,,,,,,,,,,,,,,,,,,,,,,
,,,,,,,,,,,,,,,,,,,,,,,
,,,,,,,,,,,,,,,,,,,,,,,
,,,,,,,,,,,,,,,,,,,,,,,
,,,,,,,,,,,,,,,,,,,,,,,
,,,,,,,,,,,,,,,,,,,,,,,
,,,,,,,,,,,,,,,,,,,,,,,
,,,,,,,,,,,,,,,,,,,,,,,
,,,,,,,,,,,,,,,,,,,,,,,
,,,,,,,,,,,,,,,,,,,,,,,
,,,,,,,,,,,,,,,,,,,,,,,
,,,,,,,,,,,,,,,,,,,,,,,
,,,,,,,,,,,,,,,,,,,,,,,
,,,,,,,,,,,,,,,,,,,,,,,
,,,,,,,,,,,,,,,,,,,,,,,
,,,,,,,,,,,,,,,,,,,,,,,
,,,,,,,,,,,,,,,,,,,,,,,
,,,,,,,,,,,,,,,,,,,,,,,
,,,,,,,,,,,,,,,,,,,,,,,
,,,,,,,,,,,,,,,,,,,,,,,
,,,,,,,,,,,,,,,,,,,,,,,
,,,,,,,,,,,,,,,,,,,,,,,
,,,,,,,,,,,,,,,,,,,,,,,
,,,,,,,,,,,,,,,,,,,,,,,
,,,,,,,,,,,,,,,,,,,,,,,
,,,,,,,,,,,,,,,,,,,,,,,
,,,,,,,,,,,,,,,,,,,,,,,
,,,,,,,,,,,,,,,,,,,,,,,
,,,,,,,,,,,,,,,,,,,,,,,
,,,,,,,,,,,,,,,,,,,,,,,
,,,,,,,,,,,,,,,,,,,,,,,
,,,,,,,,,,,,,,,,,,,,,,,
,,,,,,,,,,,,,,,,,,,,,,,
,,,,,,,,,,,,,,,,,,,,,,,
,,,,,,,,,,,,,,,,,,,,,,,
,,,,,,,,,,,,,,,,,,,,,,,
,,,,,,,,,,,,,,,,,,,,,,,
,,,,,,,,,,,,,,,,,,,,,,,
,,,,,,,,,,,,,,,,,,,,,,,
,,,,,,,,,,,,,,,,,,,,,,,
,,,,,,,,,,,,,,,,,,,,,,,
,,,,,,,,,,,,,,,,,,,,,,,
,,,,,,,,,,,,,,,,,,,,,,,
,,,,,,,,,,,,,,,,,,,,,,,
,,,,,,,,,,,,,,,,,,,,,,,
,,,,,,,,,,,,,,,,,,,,,,,
,,,,,,,,,,,,,,,,,,,,,,,
,,,,,,,,,,,,,,,,,,,,,,,
,,,,,,,,,,,,,,,,,,,,,,,
,,,,,,,,,,,,,,,,,,,,,,,
,,,,,,,,,,,,,,,,,,,,,,,
,,,,,,,,,,,,,,,,,,,,,,,
,,,,,,,,,,,,,,,,,,,,,,,
,,,,,,,,,,,,,,,,,,,,,,,
,,,,,,,,,,,,,,,,,,,,,,,
,,,,,,,,,,,,,,,,,,,,,,,
,,,,,,,,,,,,,,,,,,,,,,,
,,,,,,,,,,,,,,,,,,,,,,,
,,,,,,,,,,,,,,,,,,,,,,,
,,,,,,,,,,,,,,,,,,,,,,,
,,,,,,,,,,,,,,,,,,,,,,,
,,,,,,,,,,,,,,,,,,,,,,,
,,,,,,,,,,,,,,,,,,,,,,,
,,,,,,,,,,,,,,,,,,,,,,,
,,,,,,,,,,,,,,,,,,,,,,,
,,,,,,,,,,,,,,,,,,,,,,,
,,,,,,,,,,,,,,,,,,,,,,,
,,,,,,,,,,,,,,,,,,,,,,,
,,,,,,,,,,,,,,,,,,,,,,,
,,,,,,,,,,,,,,,,,,,,,,,
,,,,,,,,,,,,,,,,,,,,,,,
,,,,,,,,,,,,,,,,,,,,,,,
,,,,,,,,,,,,,,,,,,,,,,,
,,,,,,,,,,,,,,,,,,,,,,,
,,,,,,,,,,,,,,,,,,,,,,,
,,,,,,,,,,,,,,,,,,,,,,,
,,,,,,,,,,,,,,,,,,,,,,,
,,,,,,,,,,,,,,,,,,,,,,,
,,,,,,,,,,,,,,,,,,,,,,,
,,,,,,,,,,,,,,,,,,,,,,,
,,,,,,,,,,,,,,,,,,,,,,,
,,,,,,,,,,,,,,,,,,,,,,,
,,,,,,,,,,,,,,,,,,,,,,,
,,,,,,,,,,,,,,,,,,,,,,,
,,,,,,,,,,,,,,,,,,,,,,,
,,,,,,,,,,,,,,,,,,,,,,,
,,,,,,,,,,,,,,,,,,,,,,,
,,,,,,,,,,,,,,,,,,,,,,,
,,,,,,,,,,,,,,,,,,,,,,,
,,,,,,,,,,,,,,,,,,,,,,,
,,,,,,,,,,,,,,,,,,,,,,,
,,,,,,,,,,,,,,,,,,,,,,,
,,,,,,,,,,,,,,,,,,,,,,,
,,,,,,,,,,,,,,,,,,,,,,,
,,,,,,,,,,,,,,,,,,,,,,,
,,,,,,,,,,,,,,,,,,,,,,,
,,,,,,,,,,,,,,,,,,,,,,,
,,,,,,,,,,,,,,,,,,,,,,,
,,,,,,,,,,,,,,,,,,,,,,,
,,,,,,,,,,,,,,,,,,,,,,,
,,,,,,,,,,,,,,,,,,,,,,,
,,,,,,,,,,,,,,,,,,,,,,,
,,,,,,,,,,,,,,,,,,,,,,,
,,,,,,,,,,,,,,,,,,,,,,,
,,,,,,,,,,,,,,,,,,,,,,,
,,,,,,,,,,,,,,,,,,,,,,,
,,,,,,,,,,,,,,,,,,,,,,,
,,,,,,,,,,,,,,,,,,,,,,,
,,,,,,,,,,,,,,,,,,,,,,,
,,,,,,,,,,,,,,,,,,,,,,,
,,,,,,,,,,,,,,,,,,,,,,,
,,,,,,,,,,,,,,,,,,,,,,,
,,,,,,,,,,,,,,,,,,,,,,,
,,,,,,,,,,,,,,,,,,,,,,,
,,,,,,,,,,,,,,,,,,,,,,,
,,,,,,,,,,,,,,,,,,,,,,,
,,,,,,,,,,,,,,,,,,,,,,,
,,,,,,,,,,,,,,,,,,,,,,,
,,,,,,,,,,,,,,,,,,,,,,,
,,,,,,,,,,,,,,,,,,,,,,,
,,,,,,,,,,,,,,,,,,,,,,,
,,,,,,,,,,,,,,,,,,,,,,,
,,,,,,,,,,,,,,,,,,,,,,,
,,,,,,,,,,,,,,,,,,,,,,,
,,,,,,,,,,,,,,,,,,,,,,,
,,,,,,,,,,,,,,,,,,,,,,,
,,,,,,,,,,,,,,,,,,,,,,,
,,,,,,,,,,,,,,,,,,,,,,,
,,,,,,,,,,,,,,,,,,,,,,,
,,,,,,,,,,,,,,,,,,,,,,,
,,,,,,,,,,,,,,,,,,,,,,,
,,,,,,,,,,,,,,,,,,,,,,,
,,,,,,,,,,,,,,,,,,,,,,,
,,,,,,,,,,,,,,,,,,,,,,,
,,,,,,,,,,,,,,,,,,,,,,,
,,,,,,,,,,,,,,,,,,,,,,,
,,,,,,,,,,,,,,,,,,,,,,,
,,,,,,,,,,,,,,,,,,,,,,,
,,,,,,,,,,,,,,,,,,,,,,,
,,,,,,,,,,,,,,,,,,,,,,,
,,,,,,,,,,,,,,,,,,,,,,,
,,,,,,,,,,,,,,,,,,,,,,,
,,,,,,,,,,,,,,,,,,,,,,,
,,,,,,,,,,,,,,,,,,,,,,,
,,,,,,,,,,,,,,,,,,,,,,,
,,,,,,,,,,,,,,,,,,,,,,,
,,,,,,,,,,,,,,,,,,,,,,,
,,,,,,,,,,,,,,,,,,,,,,,
,,,,,,,,,,,,,,,,,,,,,,,
,,,,,,,,,,,,,,,,,,,,,,,
,,,,,,,,,,,,,,,,,,,,,,,
,,,,,,,,,,,,,,,,,,,,,,,
,,,,,,,,,,,,,,,,,,,,,,,
,,,,,,,,,,,,,,,,,,,,,,,
,,,,,,,,,,,,,,,,,,,,,,,
,,,,,,,,,,,,,,,,,,,,,,,
,,,,,,,,,,,,,,,,,,,,,,,
,,,,,,,,,,,,,,,,,,,,,,,
,,,,,,,,,,,,,,,,,,,,,,,
,,,,,,,,,,,,,,,,,,,,,,,
,,,,,,,,,,,,,,,,,,,,,,,